transaction_number,stock_name,order_type,quantity,timestamp
9,MenhirCo,sell,1,1746367902.945311
10,MenhirCo,sell,1,1746367929.127161
11,MenhirCo,sell,1,1746367930.140788
12,MenhirCo,sell,1,1746367931.1540768
13,MenhirCo,sell,1,1746367932.167113
14,GameStart,sell,1,1746368282.672429
15,GameStart,sell,1,1746368283.683145
16,GameStart,sell,1,1746368284.697294
17,GameStart,sell,1,1746368285.718204
18,MenhirCo,sell,1,1746368988.142005
19,RottenFishCo,sell,1,1746369083.170315
20,RottenFishCo,sell,1,1746369084.186881
21,RottenFishCo,sell,1,1746369085.207507
22,RottenFishCo,sell,1,1746369086.227385
23,RottenFishCo,sell,1,1746369087.241539
24,RottenFishCo,sell,1,1746369088.260737
25,Reneium,sell,1,1746650219.962525
29,BoarCo,sell,1,1746650219.9634
30,DogmatixCo,sell,1,1746650219.966416
31,Reneium,sell,1,1746650219.967593
34,Goscinnyium,sell,1,1746650219.967798
35,GameStart,sell,1,1746650219.9681978
36,RottenFishCo,sell,1,1746650219.971624
37,Goscinnyium,sell,1,1746650219.973494
38,MenhirCo,sell,1,1746650219.973993
39,LutetiaTech,sell,1,1746650219.9746299
40,MenhirCo,sell,1,1746650219.974709
41,BoarCo,sell,1,1746650219.978511
42,Goscinnyium,sell,1,1746650219.979773
43,Goscinnyium,sell,1,1746650219.980438
44,BoarCo,sell,1,1746650219.986379
45,Goscinnyium,sell,1,1746650219.9878871
46,PiloteCo,sell,1,1746650219.9932039
47,MenhirCo,sell,1,1746650219.995507
48,BoarCo,sell,1,1746650219.99573
49,RottenFishCo,sell,1,1746650219.996154
50,DogmatixCo,sell,1,1746650220.1438038
51,Goscinnyium,sell,1,1746650220.1510541
52,Goscinnyium,sell,1,1746650220.152452
53,CaesarTech,sell,1,1746650220.153665
54,LutetiaTech,sell,1,1746650220.1545548
55,MenhirCo,sell,1,1746650220.1580591
56,LutetiaTech,sell,1,1746650220.160803
58,CaesarTech,sell,1,1746650220.162344
59,Goscinnyium,sell,1,1746650220.163763
60,GameStart,sell,1,1746650220.1667452
61,RottenFishCo,sell,1,1746650220.168499
62,CaesarTech,sell,1,1746650220.169091
63,CaesarTech,sell,1,1746650220.169524
64,DogmatixCo,sell,1,1746650220.169947
65,Goscinnyium,sell,1,1746650220.1736908
66,CaesarTech,sell,1,1746650220.1745
67,CaesarTech,sell,1,1746650220.175621
68,MenhirCo,sell,1,1746650220.176136
69,MenhirCo,sell,1,1746650220.1767528
70,LutetiaTech,sell,1,1746650220.180897
71,CaesarTech,sell,1,1746650220.181036
72,Goscinnyium,sell,1,1746650220.18341
73,Reneium,sell,1,1746650220.184692
74,Goscinnyium,sell,1,1746650220.1885471
75,LutetiaTech,sell,1,1746650220.189603
77,BoarCo,sell,1,1746650220.19377
78,LutetiaTech,sell,1,1746650220.20845
79,LutetiaTech,sell,1,1746650220.386366
80,LutetiaTech,sell,1,1746650220.386698
81,PiloteCo,sell,1,1746650220.392753
82,DogmatixCo,sell,1,1746650220.393312
83,RottenFishCo,sell,1,1746650220.393986
84,LutetiaTech,sell,1,1746650220.394946
85,PiloteCo,sell,1,1746650220.39589
86,GameStart,sell,1,1746650220.402498
87,LutetiaTech,sell,1,1746650220.4033668
88,Goscinnyium,sell,1,1746650220.403818
89,PiloteCo,sell,1,1746650220.4047549
90,RottenFishCo,sell,1,1746650220.4063501
91,GameStart,sell,1,1746650220.4249852
92,LutetiaTech,sell,1,1746650220.425768
93,PiloteCo,sell,1,1746650220.427007
94,PiloteCo,sell,1,1746650220.428514
95,GameStart,sell,1,1746650220.4287748
96,LutetiaTech,sell,1,1746650220.4366348
97,MenhirCo,sell,1,1746650220.437228
98,CaesarTech,sell,1,1746650220.437917
99,GameStart,sell,1,1746650220.439164
100,Goscinnyium,sell,1,1746650220.4398131
101,LutetiaTech,sell,1,1746650220.444271
103,CaesarTech,sell,1,1746650220.4586508
104,Goscinnyium,sell,1,1746650220.481895
105,BoarCo,sell,1,1746650220.502814
106,CaesarTech,sell,1,1746650220.504365
107,Goscinnyium,sell,1,1746650220.505279
108,BoarCo,sell,1,1746650220.521343
109,CaesarTech,sell,1,1746650220.5228832
110,Goscinnyium,sell,1,1746650220.523985
111,DogmatixCo,sell,1,1746650220.528777
112,CaesarTech,sell,1,1746650220.530477
113,LutetiaTech,sell,1,1746650220.5325491
114,BoarCo,sell,1,1746650220.538062
115,MenhirCo,sell,1,1746650220.538615
116,LutetiaTech,sell,1,1746650220.539857
117,LutetiaTech,sell,1,1746650220.545538
118,GameStart,sell,1,1746650220.546415
119,GameStart,sell,1,1746650220.5513449
120,GameStart,sell,1,1746650220.555815
121,GameStart,sell,1,1746650220.5605109
122,PiloteCo,sell,1,1746650220.7105331
123,RottenFishCo,sell,1,1746650220.712852
124,PiloteCo,sell,1,1746650220.717149
125,PiloteCo,sell,1,1746650220.720738
126,CaesarTech,sell,1,1746650220.722528
127,CaesarTech,sell,1,1746650220.725301
128,Reneium,sell,1,1746650220.729279
129,DogmatixCo,sell,1,1746650220.73382
130,CaesarTech,sell,1,1746650220.735011
131,CaesarTech,sell,1,1746650220.740144
132,Reneium,sell,1,1746650220.743724
133,PiloteCo,sell,1,1746650220.745893
134,PiloteCo,sell,1,1746650220.7462919
135,BoarCo,sell,1,1746650220.747415
136,CaesarTech,sell,1,1746650220.748725
137,GameStart,sell,1,1746650220.753719
138,PiloteCo,sell,1,1746650220.7540412
139,BoarCo,sell,1,1746650220.7556539
140,MenhirCo,sell,1,1746650220.756178
141,Goscinnyium,sell,1,1746650220.756981
142,PiloteCo,sell,1,1746650220.761298
143,BoarCo,sell,1,1746650220.762109
144,BoarCo,sell,1,1746650220.763
145,Goscinnyium,sell,1,1746650220.7662961
146,DogmatixCo,sell,1,1746650220.766676
147,PiloteCo,sell,1,1746650220.768607
148,PiloteCo,sell,1,1746650220.7688372
149,BoarCo,sell,1,1746650220.770509
150,GameStart,sell,1,1746650220.773695
151,DogmatixCo,sell,1,1746650220.7743812
152,RottenFishCo,sell,1,1746650220.774595
153,BoarCo,sell,1,1746650220.775744
154,CaesarTech,sell,1,1746650220.7772439
155,GameStart,sell,1,1746650220.779707
156,RottenFishCo,sell,1,1746650220.782224
157,CaesarTech,sell,1,1746650220.783349
158,GameStart,sell,1,1746650220.78705
159,RottenFishCo,sell,1,1746650220.7911308
160,MenhirCo,sell,1,1746650220.7914162
161,DogmatixCo,sell,1,1746650220.794764
162,RottenFishCo,sell,1,1746650220.797982
163,MenhirCo,sell,1,1746650220.798434
164,DogmatixCo,sell,1,1746650220.802634
165,MenhirCo,sell,1,1746650220.806837
166,RottenFishCo,sell,1,1746650220.807435
167,DogmatixCo,sell,1,1746650220.8095748
168,RottenFishCo,sell,1,1746650220.8147762
169,RottenFishCo,sell,1,1746650220.8157692
170,DogmatixCo,sell,1,1746650220.817137
171,RottenFishCo,sell,1,1746650220.822568
172,MenhirCo,sell,1,1746650220.8242471
173,DogmatixCo,sell,1,1746650220.824575
174,RottenFishCo,sell,1,1746650220.828584
175,MenhirCo,sell,1,1746650220.8304498
176,DogmatixCo,sell,1,1746650220.8341582
177,MenhirCo,sell,1,1746650220.8357172
178,DogmatixCo,sell,1,1746650220.841103
179,DogmatixCo,sell,1,1746650220.846563
180,Goscinnyium,sell,1,1746650221.031269
181,BoarCo,sell,1,1746650221.031401
182,MenhirCo,sell,1,1746650221.040621
183,Goscinnyium,sell,1,1746650221.041247
184,BoarCo,sell,1,1746650221.0426471
185,DogmatixCo,sell,1,1746650221.0457711
186,LutetiaTech,sell,1,1746650221.045967
187,MenhirCo,sell,1,1746650221.048002
188,LutetiaTech,sell,1,1746650221.049568
189,RottenFishCo,sell,1,1746650221.0506968
190,LutetiaTech,sell,1,1746650221.05454
191,PiloteCo,sell,1,1746650221.055703
192,PiloteCo,sell,1,1746650221.056032
193,LutetiaTech,sell,1,1746650221.056583
194,RottenFishCo,sell,1,1746650221.05826
195,LutetiaTech,sell,1,1746650221.0626009
196,LutetiaTech,sell,1,1746650221.0638819
197,CaesarTech,sell,1,1746650221.065377
198,PiloteCo,sell,1,1746650221.06608
199,RottenFishCo,sell,1,1746650221.06771
200,LutetiaTech,sell,1,1746650221.0836349
201,LutetiaTech,sell,1,1746650221.084361
202,RottenFishCo,sell,1,1746650221.086886
203,CaesarTech,sell,1,1746650221.087609
204,RottenFishCo,sell,1,1746650221.089746
205,LutetiaTech,sell,1,1746650221.093483
206,LutetiaTech,sell,1,1746650221.0949051
207,RottenFishCo,sell,1,1746650221.096382
208,RottenFishCo,sell,1,1746650221.0973
209,CaesarTech,sell,1,1746650221.097585
210,LutetiaTech,sell,1,1746650221.127254
211,LutetiaTech,sell,1,1746650221.170936
212,RottenFishCo,sell,1,1746650221.1805959
213,BoarCo,sell,1,1746650221.181728
214,CaesarTech,sell,1,1746650221.1833222
215,LutetiaTech,sell,1,1746650221.188268
216,LutetiaTech,sell,1,1746650221.1889331
217,RottenFishCo,sell,1,1746650221.189302
218,BoarCo,sell,1,1746650221.190239
219,CaesarTech,sell,1,1746650221.190887
220,LutetiaTech,sell,1,1746650221.2072918
221,LutetiaTech,sell,1,1746650221.2075908
222,RottenFishCo,sell,1,1746650221.208378
223,CaesarTech,sell,1,1746650221.2090611
224,BoarCo,sell,1,1746650221.211124
225,LutetiaTech,sell,1,1746650221.214384
226,LutetiaTech,sell,1,1746650221.214756
227,LutetiaTech,sell,1,1746650221.216176
228,Goscinnyium,sell,1,1746650221.216995
229,BoarCo,sell,1,1746650221.218378
230,LutetiaTech,sell,1,1746650221.221601
231,DogmatixCo,sell,1,1746650221.222395
232,LutetiaTech,sell,1,1746650221.2225778
233,Goscinnyium,sell,1,1746650221.2236328
234,CaesarTech,sell,1,1746650221.2256372
235,LutetiaTech,sell,1,1746650221.228342
236,DogmatixCo,sell,1,1746650221.229155
237,DogmatixCo,sell,1,1746650221.229436
238,Goscinnyium,sell,1,1746650221.229889
239,CaesarTech,sell,1,1746650221.232809
240,LutetiaTech,sell,1,1746650221.236196
241,DogmatixCo,sell,1,1746650221.236832
242,DogmatixCo,sell,1,1746650221.237382
243,Goscinnyium,sell,1,1746650221.23827
244,CaesarTech,sell,1,1746650221.2412028
245,DogmatixCo,sell,1,1746650221.2439492
246,LutetiaTech,sell,1,1746650221.244575
247,CaesarTech,sell,1,1746650221.244896
248,CaesarTech,sell,1,1746650221.2521422
249,DogmatixCo,sell,1,1746650221.2548869
250,CaesarTech,sell,1,1746650221.2612789
251,DogmatixCo,sell,1,1746650221.2617579
252,DogmatixCo,sell,1,1746650221.273785
253,DogmatixCo,sell,1,1746650221.282868
254,DogmatixCo,sell,1,1746650221.290644
255,DogmatixCo,sell,1,1746650221.298147
256,DogmatixCo,sell,1,1746650221.307084
257,DogmatixCo,sell,1,1746650221.3132732
258,DogmatixCo,sell,1,1746650221.3195279
259,DogmatixCo,sell,1,1746650221.324911
260,DogmatixCo,sell,1,1746650221.328646
261,DogmatixCo,sell,1,1746650221.332182
262,DogmatixCo,sell,1,1746650221.3359811
263,DogmatixCo,sell,1,1746650221.3395672
264,DogmatixCo,sell,1,1746650221.3422878
265,DogmatixCo,sell,1,1746650221.3453581
266,DogmatixCo,sell,1,1746650221.348614
267,DogmatixCo,sell,1,1746650221.3514738
268,DogmatixCo,sell,1,1746650221.3545332
269,MenhirCo,sell,1,1746650221.357385
270,RottenFishCo,sell,1,1746650224.5654552
271,GameStart,sell,1,1746650224.5658529
272,PiloteCo,sell,1,1746650224.566366
273,GameStart,sell,1,1746650224.566711
274,LutetiaTech,sell,1,1746650224.567002
276,CaesarTech,sell,1,1746650224.573164
277,Reneium,sell,1,1746650224.573976
278,Reneium,sell,1,1746650224.574313
279,DogmatixCo,sell,1,1746650224.5745869
280,Reneium,sell,1,1746650224.579375
281,CaesarTech,sell,1,1746650224.579852
282,PiloteCo,sell,1,1746650224.58048
283,Goscinnyium,sell,1,1746650224.5811572
284,Reneium,sell,1,1746650224.581433
285,DogmatixCo,sell,1,1746650224.587073
286,Goscinnyium,sell,1,1746650224.5883572
287,LutetiaTech,sell,1,1746650224.589115
288,Reneium,sell,1,1746650224.590164
289,Reneium,sell,1,1746650224.590661
290,DogmatixCo,sell,1,1746650224.5938098
291,DogmatixCo,sell,1,1746650224.5947561
292,Reneium,sell,1,1746650224.595295
293,DogmatixCo,sell,1,1746650224.597146
294,RottenFishCo,sell,1,1746650224.59735
295,Reneium,sell,1,1746650224.8457391
296,Reneium,sell,1,1746650224.846223
297,Goscinnyium,sell,1,1746650224.8467112
298,GameStart,sell,1,1746650224.8472419
299,GameStart,sell,1,1746650224.8532321
300,PiloteCo,sell,1,1746650224.854482
301,PiloteCo,sell,1,1746650224.855066
302,GameStart,sell,1,1746650224.855704
303,BoarCo,sell,1,1746650224.861462
304,BoarCo,sell,1,1746650224.86228
305,DogmatixCo,sell,1,1746650224.8627682
306,Reneium,sell,1,1746650224.863572
307,PiloteCo,sell,1,1746650224.868465
308,PiloteCo,sell,1,1746650224.869314
309,RottenFishCo,sell,1,1746650224.8704598
310,MenhirCo,sell,1,1746650224.871008
311,RottenFishCo,sell,1,1746650224.8712478
312,LutetiaTech,sell,1,1746650224.8760269
313,Goscinnyium,sell,1,1746650224.876895
314,LutetiaTech,sell,1,1746650224.877208
315,MenhirCo,sell,1,1746650224.8776808
316,BoarCo,sell,1,1746650224.8781571
317,LutetiaTech,sell,1,1746650224.882669
318,Goscinnyium,sell,1,1746650224.884162
319,Reneium,sell,1,1746650224.885141
320,LutetiaTech,sell,1,1746650224.8900611
321,RottenFishCo,sell,1,1746650224.897425
322,RottenFishCo,sell,1,1746650224.9061859
323,RottenFishCo,sell,1,1746650224.918116
324,Reneium,sell,1,1746650224.924407
325,BoarCo,sell,1,1746650224.928917
326,DogmatixCo,sell,1,1746650225.067424
327,MenhirCo,sell,1,1746650225.068495
328,DogmatixCo,sell,1,1746650225.068888
329,LutetiaTech,sell,1,1746650225.07552
330,MenhirCo,sell,1,1746650225.076224
331,DogmatixCo,sell,1,1746650225.076519
332,CaesarTech,sell,1,1746650225.077326
333,GameStart,sell,1,1746650225.080983
334,Reneium,sell,1,1746650225.081599
335,MenhirCo,sell,1,1746650225.081866
336,DogmatixCo,sell,1,1746650225.083646
337,CaesarTech,sell,1,1746650225.0841532
338,RottenFishCo,sell,1,1746650225.0888388
339,Reneium,sell,1,1746650225.0900228
340,RottenFishCo,sell,1,1746650225.090166
341,LutetiaTech,sell,1,1746650225.090436
342,GameStart,sell,1,1746650225.091274
343,MenhirCo,sell,1,1746650225.094393
344,BoarCo,sell,1,1746650225.096098
345,LutetiaTech,sell,1,1746650225.097737
346,Reneium,sell,1,1746650225.098798
347,BoarCo,sell,1,1746650225.0998971
348,MenhirCo,sell,1,1746650225.1016278
349,BoarCo,sell,1,1746650225.1037598
350,DogmatixCo,sell,1,1746650225.1067252
351,Reneium,sell,1,1746650225.107
352,BoarCo,sell,1,1746650225.107682
353,DogmatixCo,sell,1,1746650225.108573
354,BoarCo,sell,1,1746650225.1117592
355,RottenFishCo,sell,1,1746650225.113898
356,BoarCo,sell,1,1746650225.114424
357,MenhirCo,sell,1,1746650225.1149921
358,Reneium,sell,1,1746650225.11532
359,Reneium,sell,1,1746650225.1176682
360,MenhirCo,sell,1,1746650225.121668
362,Reneium,sell,1,1746650225.1233659
363,Goscinnyium,sell,1,1746650225.130788
364,BoarCo,sell,1,1746650225.131541
365,DogmatixCo,sell,1,1746650225.1392
366,RottenFishCo,sell,1,1746650225.147518
367,Goscinnyium,sell,1,1746650225.2926972
368,MenhirCo,sell,1,1746650225.293463
369,PiloteCo,sell,1,1746650225.294642
370,BoarCo,sell,1,1746650225.298413
371,Goscinnyium,sell,1,1746650225.300784
372,Reneium,sell,1,1746650225.3016121
373,PiloteCo,sell,1,1746650225.306279
374,PiloteCo,sell,1,1746650225.309697
375,Goscinnyium,sell,1,1746650225.310806
376,LutetiaTech,sell,1,1746650225.311591
377,RottenFishCo,sell,1,1746650225.312181
378,PiloteCo,sell,1,1746650225.3126981
379,BoarCo,sell,1,1746650225.317015
380,LutetiaTech,sell,1,1746650225.317993
381,MenhirCo,sell,1,1746650225.318454
382,PiloteCo,sell,1,1746650225.3197088
383,RottenFishCo,sell,1,1746650225.320145
384,BoarCo,sell,1,1746650225.324054
385,MenhirCo,sell,1,1746650225.324469
386,LutetiaTech,sell,1,1746650225.325696
387,RottenFishCo,sell,1,1746650225.328159
388,PiloteCo,sell,1,1746650225.329013
389,BoarCo,sell,1,1746650225.3311229
390,DogmatixCo,sell,1,1746650225.3327749
391,LutetiaTech,sell,1,1746650225.333704
392,Goscinnyium,sell,1,1746650225.33605
393,RottenFishCo,sell,1,1746650225.3368661
394,DogmatixCo,sell,1,1746650225.3383172
395,PiloteCo,sell,1,1746650225.340807
396,LutetiaTech,sell,1,1746650225.341412
397,PiloteCo,sell,1,1746650225.343009
398,LutetiaTech,sell,1,1746650225.3441348
399,BoarCo,sell,1,1746650225.346803
400,LutetiaTech,sell,1,1746650225.3479931
401,LutetiaTech,sell,1,1746650225.349797
402,PiloteCo,sell,1,1746650225.3503628
403,BoarCo,sell,1,1746650225.35379
404,LutetiaTech,sell,1,1746650225.356208
405,PiloteCo,sell,1,1746650225.357023
406,PiloteCo,sell,1,1746650225.3577259
407,BoarCo,sell,1,1746650225.360461
408,Reneium,sell,1,1746650225.3644319
409,PiloteCo,sell,1,1746650225.365462
410,BoarCo,sell,1,1746650225.3676748
411,Reneium,sell,1,1746650225.37062
412,PiloteCo,sell,1,1746650225.372664
413,BoarCo,sell,1,1746650225.3735309
414,Reneium,sell,1,1746650225.37852
415,PiloteCo,sell,1,1746650225.379252
416,Reneium,sell,1,1746650225.385164
417,PiloteCo,sell,1,1746650225.385822
418,PiloteCo,sell,1,1746650225.392854
419,Reneium,sell,1,1746650225.3931699
420,PiloteCo,sell,1,1746650225.398284
421,Reneium,sell,1,1746650225.3991082
422,Reneium,sell,1,1746650225.404543
423,Reneium,sell,1,1746650225.404983
424,RottenFishCo,sell,1,1746650225.409952
425,Reneium,sell,1,1746650225.410795
426,Reneium,sell,1,1746650225.4168599
427,Reneium,sell,1,1746650225.4226298
428,Reneium,sell,1,1746650225.4276109
429,Reneium,sell,1,1746650225.431835
430,PiloteCo,sell,1,1746650225.436673
431,DogmatixCo,sell,1,1746650225.442188
432,DogmatixCo,sell,1,1746650225.448257
433,GameStart,sell,1,1746650225.685177
434,Goscinnyium,sell,1,1746650225.690495
435,DogmatixCo,sell,1,1746650225.694196
436,Goscinnyium,sell,1,1746650225.6959412
437,BoarCo,sell,1,1746650225.7014642
438,GameStart,sell,1,1746650225.711766
439,Goscinnyium,sell,1,1746650225.712973
440,DogmatixCo,sell,1,1746650225.713542
441,Goscinnyium,sell,1,1746650225.71399
442,LutetiaTech,sell,1,1746650225.715075
443,CaesarTech,sell,1,1746650225.721675
444,Goscinnyium,sell,1,1746650225.722259
445,DogmatixCo,sell,1,1746650225.722767
446,Reneium,sell,1,1746650225.723658
447,LutetiaTech,sell,1,1746650225.724716
448,CaesarTech,sell,1,1746650225.730379
449,Goscinnyium,sell,1,1746650225.7309928
450,Reneium,sell,1,1746650225.731439
451,Reneium,sell,1,1746650225.732359
452,CaesarTech,sell,1,1746650225.732618
453,CaesarTech,sell,1,1746650225.738333
454,Goscinnyium,sell,1,1746650225.739297
455,CaesarTech,sell,1,1746650225.7395241
457,Reneium,sell,1,1746650225.7401412
458,CaesarTech,sell,1,1746650225.746717
459,CaesarTech,sell,1,1746650225.747048
460,Goscinnyium,sell,1,1746650225.748907
461,PiloteCo,sell,1,1746650225.749726
462,Reneium,sell,1,1746650225.751102
463,CaesarTech,sell,1,1746650225.75564
464,CaesarTech,sell,1,1746650225.756481
465,Goscinnyium,sell,1,1746650225.756932
466,PiloteCo,sell,1,1746650225.758463
467,Reneium,sell,1,1746650225.7595341
468,CaesarTech,sell,1,1746650225.764173
469,CaesarTech,sell,1,1746650225.764653
470,Goscinnyium,sell,1,1746650225.7653499
471,MenhirCo,sell,1,1746650225.7678778
472,Reneium,sell,1,1746650225.7690072
473,MenhirCo,sell,1,1746650225.7715662
474,CaesarTech,sell,1,1746650225.7737868
475,Goscinnyium,sell,1,1746650225.778694
476,MenhirCo,sell,1,1746650225.787462
477,Reneium,sell,1,1746650225.790533
478,CaesarTech,sell,1,1746650225.7935371
479,MenhirCo,sell,1,1746650225.793854
480,Goscinnyium,sell,1,1746650225.798555
481,MenhirCo,sell,1,1746650225.801704
482,Reneium,sell,1,1746650225.803427
484,CaesarTech,sell,1,1746650225.805823
485,MenhirCo,sell,1,1746650225.813122
486,Goscinnyium,sell,1,1746650225.814803
487,Reneium,sell,1,1746650225.815847
488,MenhirCo,sell,1,1746650225.816745
489,CaesarTech,sell,1,1746650225.817926
490,MenhirCo,sell,1,1746650225.826453
491,Goscinnyium,sell,1,1746650225.828042
492,MenhirCo,sell,1,1746650225.828274
493,Reneium,sell,1,1746650225.831358
494,CaesarTech,sell,1,1746650225.832421
495,MenhirCo,sell,1,1746650225.840321
496,Goscinnyium,sell,1,1746650225.842232
497,MenhirCo,sell,1,1746650225.842747
498,CaesarTech,sell,1,1746650225.842957
499,Reneium,sell,1,1746650225.843733
500,MenhirCo,sell,1,1746650225.8480299
501,MenhirCo,sell,1,1746650225.8527849
502,Goscinnyium,sell,1,1746650225.854613
503,Reneium,sell,1,1746650225.854971
504,CaesarTech,sell,1,1746650225.856452
505,MenhirCo,sell,1,1746650225.8586082
506,Goscinnyium,sell,1,1746650225.869202
507,Reneium,sell,1,1746650225.8704388
508,CaesarTech,sell,1,1746650225.8745348
509,MenhirCo,sell,1,1746650225.878412
510,LutetiaTech,sell,1,1746650225.8843808
511,Reneium,sell,1,1746650225.885136
512,CaesarTech,sell,1,1746650225.885958
513,MenhirCo,sell,1,1746650225.8876328
514,CaesarTech,sell,1,1746650225.895843
515,CaesarTech,sell,1,1746650225.896592
516,Reneium,sell,1,1746650225.8980029
517,MenhirCo,sell,1,1746650225.898664
518,CaesarTech,sell,1,1746650225.905267
519,CaesarTech,sell,1,1746650225.905799
520,Reneium,sell,1,1746650225.9075048
521,MenhirCo,sell,1,1746650225.909517
522,CaesarTech,sell,1,1746650225.913989
523,CaesarTech,sell,1,1746650225.914554
524,Reneium,sell,1,1746650225.917778
525,MenhirCo,sell,1,1746650225.9192472
526,CaesarTech,sell,1,1746650225.924959
527,CaesarTech,sell,1,1746650225.926086
528,MenhirCo,sell,1,1746650225.9275808
529,Reneium,sell,1,1746650225.928322
530,CaesarTech,sell,1,1746650225.9321659
531,CaesarTech,sell,1,1746650225.932544
532,Reneium,sell,1,1746650225.9368472
533,CaesarTech,sell,1,1746650225.939938
534,Goscinnyium,sell,1,1746650225.9435048
535,CaesarTech,sell,1,1746650225.9472342
536,Goscinnyium,sell,1,1746650225.94869
537,CaesarTech,sell,1,1746650225.953132
538,LutetiaTech,sell,1,1746650225.955559
539,CaesarTech,sell,1,1746650225.959342
540,LutetiaTech,sell,1,1746650225.961683
541,CaesarTech,sell,1,1746650225.966101
542,MenhirCo,sell,1,1746650225.967128
543,CaesarTech,sell,1,1746650225.973286
544,MenhirCo,sell,1,1746650225.973631
545,CaesarTech,sell,1,1746650225.9791958
546,MenhirCo,sell,1,1746650225.9812071
547,CaesarTech,sell,1,1746650225.986559
548,MenhirCo,sell,1,1746650225.98773
549,CaesarTech,sell,1,1746650225.997639
550,MenhirCo,sell,1,1746650225.9992929
551,CaesarTech,sell,1,1746650226.0098078
552,MenhirCo,sell,1,1746650226.010887
553,MenhirCo,sell,1,1746650226.017395
554,CaesarTech,sell,1,1746650226.019639
555,MenhirCo,sell,1,1746650226.024559
556,CaesarTech,sell,1,1746650226.025612
557,MenhirCo,sell,1,1746650226.0284538
558,CaesarTech,sell,1,1746650226.029082
559,MenhirCo,sell,1,1746650226.032063
560,CaesarTech,sell,1,1746650226.032964
561,MenhirCo,sell,1,1746650226.035854
562,CaesarTech,sell,1,1746650226.036768
563,MenhirCo,sell,1,1746650226.0392241
564,CaesarTech,sell,1,1746650226.0404868
565,CaesarTech,sell,1,1746650226.04397
566,CaesarTech,sell,1,1746650226.0474901
567,CaesarTech,sell,1,1746650226.051735
569,LutetiaTech,sell,1,1746650674.8194401
572,PiloteCo,sell,1,1746650674.822651
574,DogmatixCo,sell,1,1746650674.8235478
575,MenhirCo,sell,1,1746650674.823646
576,MenhirCo,sell,1,1746650674.824067
577,MenhirCo,sell,1,1746650674.824491
578,GameStart,sell,1,1746650674.824556
583,DogmatixCo,sell,1,1746650674.916277
585,LutetiaTech,sell,1,1746650674.924128
586,GameStart,sell,1,1746650674.92449
587,Goscinnyium,sell,1,1746650674.925096
588,Goscinnyium,sell,1,1746650674.9257789
589,Reneium,sell,1,1746650674.931638
590,PiloteCo,sell,1,1746650674.932553
591,RottenFishCo,sell,1,1746650674.9328918
592,GameStart,sell,1,1746650674.933225
593,LutetiaTech,sell,1,1746650675.073761
594,GameStart,sell,1,1746650675.074573
595,Goscinnyium,sell,1,1746650675.075521
596,LutetiaTech,sell,1,1746650675.079773
597,GameStart,sell,1,1746650675.081833
598,RottenFishCo,sell,1,1746650675.0825028
599,RottenFishCo,sell,1,1746650675.083008
600,MenhirCo,sell,1,1746650675.085827
601,MenhirCo,sell,1,1746650675.0869708
602,PiloteCo,sell,1,1746650675.088374
603,GameStart,sell,1,1746650675.089226
604,MenhirCo,sell,1,1746650675.0902982
605,MenhirCo,sell,1,1746650675.093143
606,MenhirCo,sell,1,1746650675.0938811
607,BoarCo,sell,1,1746650675.094314
608,MenhirCo,sell,1,1746650675.094929
609,DogmatixCo,sell,1,1746650675.096488
610,PiloteCo,sell,1,1746650675.098718
611,LutetiaTech,sell,1,1746650675.1042418
612,RottenFishCo,sell,1,1746650675.104977
613,Reneium,sell,1,1746650675.106952
614,Goscinnyium,sell,1,1746650675.118658
615,BoarCo,sell,1,1746650675.119908
616,RottenFishCo,sell,1,1746650675.123332
617,CaesarTech,sell,1,1746650675.124355
618,RottenFishCo,sell,1,1746650675.125241
619,LutetiaTech,sell,1,1746650675.125888
620,DogmatixCo,sell,1,1746650675.1285188
621,GameStart,sell,1,1746650675.135221
622,GameStart,sell,1,1746650675.146433
623,GameStart,sell,1,1746650675.1527271
624,GameStart,sell,1,1746650675.1951401
625,PiloteCo,sell,1,1746650675.2274601
626,PiloteCo,sell,1,1746650675.243896
627,PiloteCo,sell,1,1746650675.2612429
628,PiloteCo,sell,1,1746650675.434268
629,GameStart,sell,1,1746650675.434564
630,LutetiaTech,sell,1,1746650675.4352589
631,DogmatixCo,sell,1,1746650675.440995
632,GameStart,sell,1,1746650675.441605
633,DogmatixCo,sell,1,1746650675.441924
634,PiloteCo,sell,1,1746650675.442797
635,Reneium,sell,1,1746650675.443286
636,Goscinnyium,sell,1,1746650675.448103
637,MenhirCo,sell,1,1746650675.448765
638,DogmatixCo,sell,1,1746650675.449307
639,Reneium,sell,1,1746650675.449802
640,PiloteCo,sell,1,1746650675.4504042
641,MenhirCo,sell,1,1746650675.455321
642,PiloteCo,sell,1,1746650675.4558349
643,DogmatixCo,sell,1,1746650675.4561641
644,PiloteCo,sell,1,1746650675.456671
645,PiloteCo,sell,1,1746650675.4573991
646,Reneium,sell,1,1746650675.462068
647,BoarCo,sell,1,1746650675.463069
648,MenhirCo,sell,1,1746650675.463536
649,CaesarTech,sell,1,1746650675.463957
650,GameStart,sell,1,1746650675.464433
651,Reneium,sell,1,1746650675.468485
652,Reneium,sell,1,1746650675.469318
653,MenhirCo,sell,1,1746650675.469994
654,CaesarTech,sell,1,1746650675.470763
655,BoarCo,sell,1,1746650675.471243
656,Reneium,sell,1,1746650675.4751968
657,MenhirCo,sell,1,1746650675.476325
658,LutetiaTech,sell,1,1746650675.4768472
659,BoarCo,sell,1,1746650675.477609
660,CaesarTech,sell,1,1746650675.477974
661,BoarCo,sell,1,1746650675.483509
662,MenhirCo,sell,1,1746650675.485961
663,CaesarTech,sell,1,1746650675.487505
664,MenhirCo,sell,1,1746650675.498257
665,MenhirCo,sell,1,1746650675.644562
666,GameStart,sell,1,1746650675.6451
667,GameStart,sell,1,1746650675.6459908
668,DogmatixCo,sell,1,1746650675.651176
669,GameStart,sell,1,1746650675.6519349
670,GameStart,sell,1,1746650675.652528
671,CaesarTech,sell,1,1746650675.656203
672,DogmatixCo,sell,1,1746650675.658357
673,GameStart,sell,1,1746650675.6590111
674,GameStart,sell,1,1746650675.6595562
675,LutetiaTech,sell,1,1746650675.662196
676,RottenFishCo,sell,1,1746650675.665472
677,GameStart,sell,1,1746650675.666631
678,GameStart,sell,1,1746650675.66709
679,BoarCo,sell,1,1746650675.667688
680,RottenFishCo,sell,1,1746650675.672082
681,GameStart,sell,1,1746650675.6726642
682,DogmatixCo,sell,1,1746650675.672977
683,DogmatixCo,sell,1,1746650675.673782
684,PiloteCo,sell,1,1746650675.674389
685,RottenFishCo,sell,1,1746650675.67907
686,GameStart,sell,1,1746650675.680244
687,DogmatixCo,sell,1,1746650675.6811361
688,DogmatixCo,sell,1,1746650675.6819909
689,DogmatixCo,sell,1,1746650675.683327
690,RottenFishCo,sell,1,1746650675.693902
691,GameStart,sell,1,1746650675.6971462
692,PiloteCo,sell,1,1746650675.697324
693,Goscinnyium,sell,1,1746650675.6980731
694,DogmatixCo,sell,1,1746650675.6992419
695,RottenFishCo,sell,1,1746650675.702904
696,Goscinnyium,sell,1,1746650675.7043068
697,GameStart,sell,1,1746650675.7046158
698,GameStart,sell,1,1746650675.705316
699,RottenFishCo,sell,1,1746650675.710092
700,Reneium,sell,1,1746650675.7106152
701,GameStart,sell,1,1746650675.712884
702,LutetiaTech,sell,1,1746650675.7131321
703,Reneium,sell,1,1746650675.716813
704,RottenFishCo,sell,1,1746650675.717302
705,GameStart,sell,1,1746650675.718933
706,LutetiaTech,sell,1,1746650675.721351
707,RottenFishCo,sell,1,1746650675.724641
708,BoarCo,sell,1,1746650675.726294
709,LutetiaTech,sell,1,1746650675.7274728
710,RottenFishCo,sell,1,1746650675.730865
711,BoarCo,sell,1,1746650675.733862
712,GameStart,sell,1,1746650675.734218
713,RottenFishCo,sell,1,1746650675.740633
714,GameStart,sell,1,1746650675.7437482
715,RottenFishCo,sell,1,1746650675.7482429
716,GameStart,sell,1,1746650675.752577
717,RottenFishCo,sell,1,1746650675.758046
718,Reneium,sell,1,1746650675.7670348
719,RottenFishCo,sell,1,1746650675.788662
720,RottenFishCo,sell,1,1746650675.792073
721,PiloteCo,sell,1,1746650675.8017201
722,MenhirCo,sell,1,1746650675.8115861
723,MenhirCo,sell,1,1746650675.823206
724,MenhirCo,sell,1,1746650675.835378
725,RottenFishCo,sell,1,1746650676.1195478
726,LutetiaTech,sell,1,1746650676.122491
727,Reneium,sell,1,1746650676.122834
728,RottenFishCo,sell,1,1746650676.123734
729,LutetiaTech,sell,1,1746650676.1281002
730,Reneium,sell,1,1746650676.128619
731,RottenFishCo,sell,1,1746650676.128957
732,Reneium,sell,1,1746650676.138201
733,Reneium,sell,1,1746650676.138669
734,Reneium,sell,1,1746650676.138946
735,DogmatixCo,sell,1,1746650676.139253
736,LutetiaTech,sell,1,1746650676.139477
737,DogmatixCo,sell,1,1746650676.1483788
738,DogmatixCo,sell,1,1746650676.148751
739,LutetiaTech,sell,1,1746650676.149438
740,Reneium,sell,1,1746650676.149899
741,Reneium,sell,1,1746650676.1507661
742,PiloteCo,sell,1,1746650676.15392
743,RottenFishCo,sell,1,1746650676.154242
744,LutetiaTech,sell,1,1746650676.155562
745,Reneium,sell,1,1746650676.15632
746,Reneium,sell,1,1746650676.165399
747,PiloteCo,sell,1,1746650676.174075
748,RottenFishCo,sell,1,1746650676.181057
749,LutetiaTech,sell,1,1746650676.187853
750,Reneium,sell,1,1746650676.1957371
751,Reneium,sell,1,1746650676.202482
752,PiloteCo,sell,1,1746650676.211107
753,RottenFishCo,sell,1,1746650676.213106
754,LutetiaTech,sell,1,1746650676.218988
755,Reneium,sell,1,1746650676.2278159
756,Reneium,sell,1,1746650676.22876
758,RottenFishCo,sell,1,1746650676.230473
759,LutetiaTech,sell,1,1746650676.2310941
760,RottenFishCo,sell,1,1746650676.23498
761,Reneium,sell,1,1746650676.235683
762,RottenFishCo,sell,1,1746650676.23651
763,PiloteCo,sell,1,1746650676.237516
764,LutetiaTech,sell,1,1746650676.238016
765,Reneium,sell,1,1746650676.242134
766,Reneium,sell,1,1746650676.24251
767,RottenFishCo,sell,1,1746650676.2487411
768,PiloteCo,sell,1,1746650676.254147
769,LutetiaTech,sell,1,1746650676.2550342
770,Reneium,sell,1,1746650676.2582688
771,Reneium,sell,1,1746650676.259048
772,Reneium,sell,1,1746650676.25942
773,MenhirCo,sell,1,1746650676.260372
774,DogmatixCo,sell,1,1746650676.268539
775,Goscinnyium,sell,1,1746650676.273398
776,Reneium,sell,1,1746650676.2744992
777,Reneium,sell,1,1746650676.274899
778,MenhirCo,sell,1,1746650676.278344
779,Reneium,sell,1,1746650676.2811441
780,Goscinnyium,sell,1,1746650676.289304
781,Reneium,sell,1,1746650676.291447
782,Reneium,sell,1,1746650676.2930691
783,Reneium,sell,1,1746650676.293611
784,MenhirCo,sell,1,1746650676.295102
785,Goscinnyium,sell,1,1746650676.299516
786,MenhirCo,sell,1,1746650676.3010051
787,Reneium,sell,1,1746650676.30224
788,MenhirCo,sell,1,1746650676.303108
789,LutetiaTech,sell,1,1746650676.303755
790,Goscinnyium,sell,1,1746650676.308533
791,MenhirCo,sell,1,1746650676.309067
792,MenhirCo,sell,1,1746650676.30991
793,MenhirCo,sell,1,1746650676.310495
794,LutetiaTech,sell,1,1746650676.311569
795,MenhirCo,sell,1,1746650676.316374
796,MenhirCo,sell,1,1746650676.3171
797,Reneium,sell,1,1746650676.317369
798,MenhirCo,sell,1,1746650676.318388
799,GameStart,sell,1,1746650676.323411
800,Reneium,sell,1,1746650676.323849
802,MenhirCo,sell,1,1746650676.3255072
804,MenhirCo,sell,1,1746650676.33263
805,MenhirCo,sell,1,1746650676.334635
806,MenhirCo,sell,1,1746650676.340266
807,Reneium,sell,1,1746650676.341008
808,MenhirCo,sell,1,1746650676.341863
809,MenhirCo,sell,1,1746650676.350152
811,LutetiaTech,sell,1,1746650676.350987
812,MenhirCo,sell,1,1746650676.3599539
813,LutetiaTech,sell,1,1746650676.36098
814,MenhirCo,sell,1,1746650676.368858
815,LutetiaTech,sell,1,1746650676.369324
816,MenhirCo,sell,1,1746650676.376868
817,LutetiaTech,sell,1,1746650676.377934
818,LutetiaTech,sell,1,1746650676.391375
819,MenhirCo,sell,1,1746650676.391893
820,MenhirCo,sell,1,1746650676.404115
821,LutetiaTech,sell,1,1746650676.4049542
822,MenhirCo,sell,1,1746650676.412897
823,LutetiaTech,sell,1,1746650676.4135098
824,LutetiaTech,sell,1,1746650676.420543
825,MenhirCo,sell,1,1746650676.421254
826,MenhirCo,sell,1,1746650676.426403
827,MenhirCo,sell,1,1746650676.4315689
828,MenhirCo,sell,1,1746650676.436769
829,MenhirCo,sell,1,1746650676.4415932
831,BoarCo,sell,1,1746650679.706759
832,GameStart,sell,1,1746650679.707693
833,DogmatixCo,sell,1,1746650679.707965
834,CaesarTech,sell,1,1746650679.708552
835,LutetiaTech,sell,1,1746650679.713252
836,GameStart,sell,1,1746650679.7139242
837,LutetiaTech,sell,1,1746650679.714498
838,Goscinnyium,sell,1,1746650679.714903
839,PiloteCo,sell,1,1746650679.716944
840,LutetiaTech,sell,1,1746650679.719591
841,DogmatixCo,sell,1,1746650679.721586
843,CaesarTech,sell,1,1746650679.722255
844,DogmatixCo,sell,1,1746650679.723449
845,MenhirCo,sell,1,1746650679.72706
846,MenhirCo,sell,1,1746650679.7279549
847,RottenFishCo,sell,1,1746650679.72927
848,CaesarTech,sell,1,1746650679.7294989
849,DogmatixCo,sell,1,1746650679.7303538
850,PiloteCo,sell,1,1746650679.733739
851,PiloteCo,sell,1,1746650679.734315
852,RottenFishCo,sell,1,1746650679.735896
853,RottenFishCo,sell,1,1746650679.737928
854,BoarCo,sell,1,1746650679.739053
855,RottenFishCo,sell,1,1746650679.8937778
856,CaesarTech,sell,1,1746650679.894197
857,BoarCo,sell,1,1746650679.8951511
858,Goscinnyium,sell,1,1746650679.8960938
859,DogmatixCo,sell,1,1746650679.9035258
860,DogmatixCo,sell,1,1746650679.9045591
861,Goscinnyium,sell,1,1746650679.905401
862,CaesarTech,sell,1,1746650679.907537
863,DogmatixCo,sell,1,1746650679.911346
864,DogmatixCo,sell,1,1746650679.912435
865,RottenFishCo,sell,1,1746650679.9131992
866,RottenFishCo,sell,1,1746650679.913733
867,CaesarTech,sell,1,1746650679.914718
868,GameStart,sell,1,1746650679.919631
869,DogmatixCo,sell,1,1746650679.91974
870,RottenFishCo,sell,1,1746650679.92124
871,PiloteCo,sell,1,1746650679.922925
872,LutetiaTech,sell,1,1746650679.92315
873,Goscinnyium,sell,1,1746650679.92736
874,PiloteCo,sell,1,1746650679.9277718
875,LutetiaTech,sell,1,1746650679.928119
876,CaesarTech,sell,1,1746650679.929282
877,RottenFishCo,sell,1,1746650679.930649
878,CaesarTech,sell,1,1746650679.934654
879,GameStart,sell,1,1746650679.935356
880,BoarCo,sell,1,1746650679.9366798
881,CaesarTech,sell,1,1746650679.93734
882,CaesarTech,sell,1,1746650679.9463491
883,MenhirCo,sell,1,1746650679.947123
884,GameStart,sell,1,1746650680.176395
885,GameStart,sell,1,1746650680.177448
886,Reneium,sell,1,1746650680.177564
887,BoarCo,sell,1,1746650680.178165
888,CaesarTech,sell,1,1746650680.178965
889,GameStart,sell,1,1746650680.18322
890,GameStart,sell,1,1746650680.1839418
891,MenhirCo,sell,1,1746650680.18424
892,Goscinnyium,sell,1,1746650680.1849449
893,PiloteCo,sell,1,1746650680.186959
894,CaesarTech,sell,1,1746650680.190002
895,GameStart,sell,1,1746650680.190397
896,Reneium,sell,1,1746650680.1912162
897,Goscinnyium,sell,1,1746650680.19242
898,PiloteCo,sell,1,1746650680.193208
899,GameStart,sell,1,1746650680.19694
900,RottenFishCo,sell,1,1746650680.197611
901,Reneium,sell,1,1746650680.198164
902,BoarCo,sell,1,1746650680.199072
903,PiloteCo,sell,1,1746650680.199969
904,GameStart,sell,1,1746650680.2057269
905,RottenFishCo,sell,1,1746650680.2152991
906,PiloteCo,sell,1,1746650680.215755
907,MenhirCo,sell,1,1746650680.2173812
908,RottenFishCo,sell,1,1746650680.218017
909,GameStart,sell,1,1746650680.2219121
910,PiloteCo,sell,1,1746650680.222983
911,CaesarTech,sell,1,1746650680.223882
912,MenhirCo,sell,1,1746650680.224652
913,BoarCo,sell,1,1746650680.2252731
914,GameStart,sell,1,1746650680.228752
915,MenhirCo,sell,1,1746650680.2305999
916,CaesarTech,sell,1,1746650680.231352
917,PiloteCo,sell,1,1746650680.234124
918,RottenFishCo,sell,1,1746650680.235342
919,CaesarTech,sell,1,1746650680.2383099
920,MenhirCo,sell,1,1746650680.2384808
921,RottenFishCo,sell,1,1746650680.24661
922,Goscinnyium,sell,1,1746650680.2476459
923,RottenFishCo,sell,1,1746650680.2554398
924,Goscinnyium,sell,1,1746650680.25559
925,MenhirCo,sell,1,1746650680.26287
926,LutetiaTech,sell,1,1746650680.2641861
927,MenhirCo,sell,1,1746650680.2818491
928,RottenFishCo,sell,1,1746650680.415405
929,CaesarTech,sell,1,1746650680.415999
930,DogmatixCo,sell,1,1746650680.416477
931,GameStart,sell,1,1746650680.4178932
932,Goscinnyium,sell,1,1746650680.4209569
933,RottenFishCo,sell,1,1746650680.421602
934,CaesarTech,sell,1,1746650680.4226549
935,DogmatixCo,sell,1,1746650680.423425
936,CaesarTech,sell,1,1746650680.424223
937,CaesarTech,sell,1,1746650680.427163
938,RottenFishCo,sell,1,1746650680.428331
939,CaesarTech,sell,1,1746650680.429159
940,CaesarTech,sell,1,1746650680.4301262
941,DogmatixCo,sell,1,1746650680.4303858
942,Reneium,sell,1,1746650680.433915
943,PiloteCo,sell,1,1746650680.435984
944,CaesarTech,sell,1,1746650680.436162
945,RottenFishCo,sell,1,1746650680.437398
946,DogmatixCo,sell,1,1746650680.4377248
947,BoarCo,sell,1,1746650680.440414
948,DogmatixCo,sell,1,1746650680.442979
949,PiloteCo,sell,1,1746650680.443218
950,DogmatixCo,sell,1,1746650680.444214
951,LutetiaTech,sell,1,1746650680.444439
952,LutetiaTech,sell,1,1746650680.4458098
953,PiloteCo,sell,1,1746650680.449732
954,BoarCo,sell,1,1746650680.45061
955,DogmatixCo,sell,1,1746650680.451018
956,GameStart,sell,1,1746650680.451485
957,LutetiaTech,sell,1,1746650680.451757
958,Reneium,sell,1,1746650680.458237
959,BoarCo,sell,1,1746650680.459241
960,Goscinnyium,sell,1,1746650680.460326
961,Reneium,sell,1,1746650680.467496
962,BoarCo,sell,1,1746650680.467834
963,BoarCo,sell,1,1746650680.4686038
964,MenhirCo,sell,1,1746650680.472846
965,Reneium,sell,1,1746650680.473603
966,BoarCo,sell,1,1746650680.4763038
967,MenhirCo,sell,1,1746650680.479711
968,CaesarTech,sell,1,1746650680.480204
969,GameStart,sell,1,1746650680.482552
970,Goscinnyium,sell,1,1746650680.485276
971,DogmatixCo,sell,1,1746650680.4864519
972,GameStart,sell,1,1746650680.489884
973,Goscinnyium,sell,1,1746650680.491623
974,GameStart,sell,1,1746650680.498105
975,Goscinnyium,sell,1,1746650680.500017
976,MenhirCo,sell,1,1746650680.510795
977,Goscinnyium,sell,1,1746650680.513107
978,BoarCo,sell,1,1746650680.683369
979,MenhirCo,sell,1,1746650680.688444
980,RottenFishCo,sell,1,1746650680.688983
981,BoarCo,sell,1,1746650680.690599
982,CaesarTech,sell,1,1746650680.700853
983,MenhirCo,sell,1,1746650680.70292
984,Reneium,sell,1,1746650680.7041228
985,BoarCo,sell,1,1746650680.705143
986,DogmatixCo,sell,1,1746650680.707077
987,CaesarTech,sell,1,1746650680.7093408
988,MenhirCo,sell,1,1746650680.7096488
989,Reneium,sell,1,1746650680.711294
990,BoarCo,sell,1,1746650680.713496
991,DogmatixCo,sell,1,1746650680.715067
992,BoarCo,sell,1,1746650680.7162318
993,CaesarTech,sell,1,1746650680.7179
994,Reneium,sell,1,1746650680.718838
995,BoarCo,sell,1,1746650680.721867
996,GameStart,sell,1,1746650680.722975
997,RottenFishCo,sell,1,1746650680.723615
998,CaesarTech,sell,1,1746650680.7254882
999,Reneium,sell,1,1746650680.7304199
1000,BoarCo,sell,1,1746650680.7332501
1001,RottenFishCo,sell,1,1746650680.734852
1002,GameStart,sell,1,1746650680.735429
1003,CaesarTech,sell,1,1746650680.735861
1004,DogmatixCo,sell,1,1746650680.7384121
1005,BoarCo,sell,1,1746650680.7395709
1006,RottenFishCo,sell,1,1746650680.741981
1007,GameStart,sell,1,1746650680.742935
1008,CaesarTech,sell,1,1746650680.7435598
1009,CaesarTech,sell,1,1746650680.7454588
1010,BoarCo,sell,1,1746650680.746426
1011,RottenFishCo,sell,1,1746650680.7491012
1012,GameStart,sell,1,1746650680.75041
1013,MenhirCo,sell,1,1746650680.7513652
1014,LutetiaTech,sell,1,1746650680.7531981
1015,BoarCo,sell,1,1746650680.753789
1016,RottenFishCo,sell,1,1746650680.755719
1017,LutetiaTech,sell,1,1746650680.756735
1018,MenhirCo,sell,1,1746650680.759508
1019,LutetiaTech,sell,1,1746650680.7600799
1020,BoarCo,sell,1,1746650680.760467
1021,MenhirCo,sell,1,1746650680.761489
1022,LutetiaTech,sell,1,1746650680.763687
1023,MenhirCo,sell,1,1746650680.766507
1024,LutetiaTech,sell,1,1746650680.7669382
1025,MenhirCo,sell,1,1746650680.767853
1026,Reneium,sell,1,1746650680.768245
1027,LutetiaTech,sell,1,1746650680.772355
1028,LutetiaTech,sell,1,1746650680.773421
1029,MenhirCo,sell,1,1746650680.773901
1030,Reneium,sell,1,1746650680.775863
1031,LutetiaTech,sell,1,1746650680.779967
1032,LutetiaTech,sell,1,1746650680.7801018
1033,MenhirCo,sell,1,1746650680.7832189
1034,RottenFishCo,sell,1,1746650680.784982
1035,LutetiaTech,sell,1,1746650680.789542
1036,LutetiaTech,sell,1,1746650680.790036
1037,MenhirCo,sell,1,1746650680.791718
1038,RottenFishCo,sell,1,1746650680.7941492
1039,LutetiaTech,sell,1,1746650680.79823
1040,MenhirCo,sell,1,1746650680.801394
1041,RottenFishCo,sell,1,1746650680.803128
1042,GameStart,sell,1,1746650680.8061938
1043,MenhirCo,sell,1,1746650680.808544
1044,RottenFishCo,sell,1,1746650680.809889
1045,GameStart,sell,1,1746650680.813782
1046,RottenFishCo,sell,1,1746650680.816534
1047,MenhirCo,sell,1,1746650680.816991
1048,GameStart,sell,1,1746650680.823393
1049,MenhirCo,sell,1,1746650680.824095
1050,RottenFishCo,sell,1,1746650680.824606
1051,GameStart,sell,1,1746650680.8339012
1052,MenhirCo,sell,1,1746650680.834114
1053,BoarCo,sell,1,1746650680.841059
1054,MenhirCo,sell,1,1746650680.84197
1055,BoarCo,sell,1,1746650680.8473868
1056,MenhirCo,sell,1,1746650680.849663
1057,BoarCo,sell,1,1746650680.853715
1058,MenhirCo,sell,1,1746650680.859461
1059,BoarCo,sell,1,1746650680.861614
1060,MenhirCo,sell,1,1746650680.865151
1061,BoarCo,sell,1,1746650680.868115
1062,MenhirCo,sell,1,1746650680.8707259
1063,BoarCo,sell,1,1746650680.8764548
1064,BoarCo,sell,1,1746650680.8793752
1065,BoarCo,sell,1,1746650680.8884852
1066,BoarCo,sell,1,1746650680.8891468
1067,BoarCo,sell,1,1746650680.904759
1068,BoarCo,sell,1,1746650680.907292
1069,BoarCo,sell,1,1746650680.914338
1070,BoarCo,sell,1,1746650680.91521
1071,BoarCo,sell,1,1746650680.923886
1072,BoarCo,sell,1,1746650680.92528
1073,BoarCo,sell,1,1746650680.9298172
1074,BoarCo,sell,1,1746650680.934209
1075,BoarCo,sell,1,1746650680.937663
1076,BoarCo,sell,1,1746650680.941331
1077,BoarCo,sell,1,1746650680.945248
1078,BoarCo,sell,1,1746650680.9489121
1079,BoarCo,sell,1,1746650680.952894
1080,BoarCo,sell,1,1746650680.9563708
1081,BoarCo,sell,1,1746650680.960219
1082,BoarCo,sell,1,1746650680.9640498
1083,BoarCo,sell,1,1746650680.96777
1084,BoarCo,sell,1,1746650680.971096
1085,BoarCo,sell,1,1746650680.9749818
1086,BoarCo,sell,1,1746650680.979101
1087,BoarCo,sell,1,1746650680.982493
1088,BoarCo,sell,1,1746650680.986442
1089,MenhirCo,sell,1,1746650680.99
1090,MenhirCo,sell,1,1746650680.993092
1091,MenhirCo,sell,1,1746650680.996198
1092,MenhirCo,sell,1,1746650680.9990551
1093,MenhirCo,sell,1,1746650681.001801
1094,MenhirCo,sell,1,1746650681.0045671
1095,MenhirCo,sell,1,1746650681.007356
1096,MenhirCo,sell,1,1746650681.010176
1097,MenhirCo,sell,1,1746650681.012989
1098,MenhirCo,sell,1,1746650681.0157309
1099,MenhirCo,sell,1,1746650681.018443
1100,MenhirCo,sell,1,1746650681.0213802
1101,MenhirCo,sell,1,1746650681.024244
1102,MenhirCo,sell,1,1746650681.026936
1103,LutetiaTech,sell,1,1746650681.029553
1104,LutetiaTech,sell,1,1746650681.032322
1105,LutetiaTech,sell,1,1746650681.035149
1106,LutetiaTech,sell,1,1746650681.0375428
1107,LutetiaTech,sell,1,1746650681.0403972
1108,LutetiaTech,sell,1,1746650681.04338
1109,LutetiaTech,sell,1,1746650681.0461571
1110,LutetiaTech,sell,1,1746650681.0486841
1111,LutetiaTech,sell,1,1746650681.0513768
1112,LutetiaTech,sell,1,1746650681.0541701
1113,LutetiaTech,sell,1,1746650681.057209
1114,LutetiaTech,sell,1,1746650681.060051
1116,GameStart,sell,1,1746650681.996225
1117,MenhirCo,sell,1,1746650681.996734
1118,MenhirCo,sell,1,1746650682.000364
1119,BoarCo,sell,1,1746650682.00102
1120,Reneium,sell,1,1746650682.001817
1121,Goscinnyium,sell,1,1746650682.009689
1122,BoarCo,sell,1,1746650682.0131462
1123,MenhirCo,sell,1,1746650682.014666
1124,Goscinnyium,sell,1,1746650682.021646
1125,BoarCo,sell,1,1746650682.021942
1126,MenhirCo,sell,1,1746650682.022681
1127,Goscinnyium,sell,1,1746650682.0280561
1128,Reneium,sell,1,1746650682.028393
1129,BoarCo,sell,1,1746650682.029147
1130,CaesarTech,sell,1,1746650682.0331478
1131,GameStart,sell,1,1746650682.0335848
1132,CaesarTech,sell,1,1746650682.034199
1133,LutetiaTech,sell,1,1746650682.038789
1134,CaesarTech,sell,1,1746650682.039393
1135,RottenFishCo,sell,1,1746650682.045013
1136,RottenFishCo,sell,1,1746650682.050999
1137,RottenFishCo,sell,1,1746650682.056005
1138,RottenFishCo,sell,1,1746650682.060677
1139,RottenFishCo,sell,1,1746653158.8199182
1140,LutetiaTech,sell,1,1746653158.821271
1142,CaesarTech,sell,1,1746653158.821654
1143,RottenFishCo,sell,1,1746653158.8219268
1145,DogmatixCo,sell,1,1746653158.824769
1146,DogmatixCo,sell,1,1746653158.825047
1147,DogmatixCo,sell,1,1746653158.825191
1148,MenhirCo,sell,1,1746653158.825309
1149,DogmatixCo,sell,1,1746653158.826294
1150,Goscinnyium,sell,1,1746653158.827638
1151,DogmatixCo,sell,1,1746653158.8280902
1152,LutetiaTech,sell,1,1746653158.830794
1153,MenhirCo,sell,1,1746653158.8321102
1154,GameStart,sell,1,1746653158.837049
1155,CaesarTech,sell,1,1746653158.8377202
1156,CaesarTech,sell,1,1746653158.839029
1157,CaesarTech,sell,1,1746653158.8393202
1158,MenhirCo,sell,1,1746653158.8397849
1159,MenhirCo,sell,1,1746653158.842643
1160,CaesarTech,sell,1,1746653158.8444932
1161,PiloteCo,sell,1,1746653158.845132
1162,PiloteCo,sell,1,1746653158.8502452
1163,BoarCo,sell,1,1746653158.8527622
1164,BoarCo,sell,1,1746653159.00112
1165,Goscinnyium,sell,1,1746653159.002026
1166,Goscinnyium,sell,1,1746653159.0097668
1167,LutetiaTech,sell,1,1746653159.0110662
1168,LutetiaTech,sell,1,1746653159.011859
1169,LutetiaTech,sell,1,1746653159.017152
1170,LutetiaTech,sell,1,1746653159.0177112
1171,MenhirCo,sell,1,1746653159.018603
1172,MenhirCo,sell,1,1746653159.0237288
1173,BoarCo,sell,1,1746653159.0246558
1174,GameStart,sell,1,1746653159.025032
1175,LutetiaTech,sell,1,1746653159.0254982
1176,GameStart,sell,1,1746653159.029886
1177,DogmatixCo,sell,1,1746653159.03018
1178,LutetiaTech,sell,1,1746653159.030949
1179,LutetiaTech,sell,1,1746653159.034341
1180,GameStart,sell,1,1746653159.039608
1181,Reneium,sell,1,1746653159.0557911
1182,Goscinnyium,sell,1,1746653159.0604491
1183,MenhirCo,sell,1,1746653159.062182
1184,CaesarTech,sell,1,1746653159.0800908
1185,Goscinnyium,sell,1,1746653159.096537
1186,Reneium,sell,1,1746653159.101301
1187,Reneium,sell,1,1746653159.1367838
1188,Reneium,sell,1,1746653159.137331
1189,Reneium,sell,1,1746653159.155306
1190,RottenFishCo,sell,1,1746653159.1635919
1191,GameStart,sell,1,1746653159.1707578
1192,GameStart,sell,1,1746653159.176033
1193,BoarCo,sell,1,1746653159.454981
1194,LutetiaTech,sell,1,1746653159.457611
1195,DogmatixCo,sell,1,1746653159.458215
1196,MenhirCo,sell,1,1746653159.459939
1197,Goscinnyium,sell,1,1746653159.4698591
1198,PiloteCo,sell,1,1746653159.477831
1199,Reneium,sell,1,1746653159.478383
1200,Goscinnyium,sell,1,1746653159.480336
1201,PiloteCo,sell,1,1746653159.4835432
1202,CaesarTech,sell,1,1746653159.487045
1203,PiloteCo,sell,1,1746653159.49153
1204,MenhirCo,sell,1,1746653159.492401
1205,PiloteCo,sell,1,1746653159.493454
1206,Goscinnyium,sell,1,1746653159.49402
1207,LutetiaTech,sell,1,1746653159.496785
1208,PiloteCo,sell,1,1746653159.501733
1209,MenhirCo,sell,1,1746653159.5023282
1210,CaesarTech,sell,1,1746653159.50294
1211,GameStart,sell,1,1746653159.508112
1212,Goscinnyium,sell,1,1746653159.508692
1213,LutetiaTech,sell,1,1746653159.517072
1214,LutetiaTech,sell,1,1746653159.518733
1215,CaesarTech,sell,1,1746653159.52116
1216,GameStart,sell,1,1746653159.5373702
1217,Goscinnyium,sell,1,1746653159.539171
1218,GameStart,sell,1,1746653159.5395122
1219,RottenFishCo,sell,1,1746653159.540437
1220,LutetiaTech,sell,1,1746653159.5479228
1221,GameStart,sell,1,1746653159.553212
1222,LutetiaTech,sell,1,1746653159.560391
1223,PiloteCo,sell,1,1746653159.563652
1224,Reneium,sell,1,1746653159.568325
1225,GameStart,sell,1,1746653159.57628
1226,GameStart,sell,1,1746653159.5904331
1227,GameStart,sell,1,1746653159.5960388
1228,BoarCo,sell,1,1746653159.835299
1229,DogmatixCo,sell,1,1746653159.8385391
1230,RottenFishCo,sell,1,1746653159.844924
1231,PiloteCo,sell,1,1746653159.852373
1232,BoarCo,sell,1,1746653159.856097
1233,DogmatixCo,sell,1,1746653159.860558
1234,RottenFishCo,sell,1,1746653159.875371
1235,PiloteCo,sell,1,1746653159.877455
1236,GameStart,sell,1,1746653159.878206
1237,BoarCo,sell,1,1746653159.8822558
1238,DogmatixCo,sell,1,1746653159.884056
1239,RottenFishCo,sell,1,1746653159.894176
1240,DogmatixCo,sell,1,1746653159.897322
1241,Reneium,sell,1,1746653159.8989198
1242,BoarCo,sell,1,1746653159.8992908
1243,CaesarTech,sell,1,1746653159.9012852
1244,RottenFishCo,sell,1,1746653159.9061508
1245,DogmatixCo,sell,1,1746653159.9124942
1246,DogmatixCo,sell,1,1746653159.91343
1247,PiloteCo,sell,1,1746653159.913677
1248,CaesarTech,sell,1,1746653159.9146209
1249,RottenFishCo,sell,1,1746653159.924261
1250,DogmatixCo,sell,1,1746653159.926771
1252,PiloteCo,sell,1,1746653159.9277701
1253,CaesarTech,sell,1,1746653159.928759
1254,RottenFishCo,sell,1,1746653159.9306722
1255,DogmatixCo,sell,1,1746653159.9341571
1256,GameStart,sell,1,1746653159.9347231
1257,PiloteCo,sell,1,1746653159.934939
1258,LutetiaTech,sell,1,1746653159.9534562
1259,RottenFishCo,sell,1,1746653159.959441
1260,GameStart,sell,1,1746653159.964363
1261,DogmatixCo,sell,1,1746653159.96503
1262,PiloteCo,sell,1,1746653159.966083
1263,LutetiaTech,sell,1,1746653159.9667919
1264,RottenFishCo,sell,1,1746653159.9671931
1265,Reneium,sell,1,1746653159.9732108
1266,Reneium,sell,1,1746653159.9737449
1267,LutetiaTech,sell,1,1746653159.97453
1268,PiloteCo,sell,1,1746653159.9752178
1269,Goscinnyium,sell,1,1746653159.97571
1270,DogmatixCo,sell,1,1746653159.979209
1271,Reneium,sell,1,1746653159.9798489
1272,Reneium,sell,1,1746653159.980255
1273,PiloteCo,sell,1,1746653159.98089
1274,Goscinnyium,sell,1,1746653159.982293
1275,DogmatixCo,sell,1,1746653159.9845288
1276,Reneium,sell,1,1746653159.985158
1277,Reneium,sell,1,1746653159.986153
1278,Goscinnyium,sell,1,1746653159.9878862
1279,Goscinnyium,sell,1,1746653159.9886699
1280,GameStart,sell,1,1746653159.992052
1281,Reneium,sell,1,1746653159.992756
1282,Goscinnyium,sell,1,1746653159.9960551
1283,Goscinnyium,sell,1,1746653159.9972281
1284,Reneium,sell,1,1746653159.9978209
1285,BoarCo,sell,1,1746653160.0033011
1286,Goscinnyium,sell,1,1746653160.004776
1287,Reneium,sell,1,1746653160.006933
1288,Goscinnyium,sell,1,1746653160.014957
1289,Reneium,sell,1,1746653160.017211
1290,RottenFishCo,sell,1,1746653160.024647
1291,Reneium,sell,1,1746653160.0257971
1292,RottenFishCo,sell,1,1746653160.033052
1293,MenhirCo,sell,1,1746653160.0340328
1294,DogmatixCo,sell,1,1746653160.0474439
1295,RottenFishCo,sell,1,1746653160.059275
1296,RottenFishCo,sell,1,1746653160.069421
1297,CaesarTech,sell,1,1746653160.252019
1298,MenhirCo,sell,1,1746653160.2532291
1299,Goscinnyium,sell,1,1746653160.253818
1300,Reneium,sell,1,1746653160.254496
1301,LutetiaTech,sell,1,1746653160.2554371
1302,CaesarTech,sell,1,1746653160.259049
1303,Goscinnyium,sell,1,1746653160.260025
1304,Goscinnyium,sell,1,1746653160.260328
1305,CaesarTech,sell,1,1746653160.2608042
1306,LutetiaTech,sell,1,1746653160.262437
1307,CaesarTech,sell,1,1746653160.2656572
1308,Goscinnyium,sell,1,1746653160.266606
1309,CaesarTech,sell,1,1746653160.2672188
1310,Goscinnyium,sell,1,1746653160.274528
1311,DogmatixCo,sell,1,1746653160.2883499
1312,CaesarTech,sell,1,1746653160.317463
1313,Goscinnyium,sell,1,1746653160.317868
1314,CaesarTech,sell,1,1746653160.318719
1315,GameStart,sell,1,1746653160.3282099
1316,DogmatixCo,sell,1,1746653160.3626611
1317,CaesarTech,sell,1,1746653160.3753548
1318,PiloteCo,sell,1,1746653160.377834
1319,Goscinnyium,sell,1,1746653160.378159
1320,GameStart,sell,1,1746653160.3799171
1321,DogmatixCo,sell,1,1746653160.384906
1322,Reneium,sell,1,1746653160.386256
1323,Goscinnyium,sell,1,1746653160.386873
1324,PiloteCo,sell,1,1746653160.388093
1325,GameStart,sell,1,1746653160.388206
1326,DogmatixCo,sell,1,1746653160.3931708
1327,DogmatixCo,sell,1,1746653160.393693
1328,Reneium,sell,1,1746653160.3947809
1329,PiloteCo,sell,1,1746653160.395576
1330,GameStart,sell,1,1746653160.3963451
1331,DogmatixCo,sell,1,1746653160.3996742
1332,DogmatixCo,sell,1,1746653160.400409
1333,Reneium,sell,1,1746653160.4012642
1334,PiloteCo,sell,1,1746653160.420581
1335,Goscinnyium,sell,1,1746653160.421721
1336,DogmatixCo,sell,1,1746653160.4232059
1337,Reneium,sell,1,1746653160.42353
1338,Reneium,sell,1,1746653160.424462
1339,PiloteCo,sell,1,1746653160.428376
1340,DogmatixCo,sell,1,1746653160.429014
1341,RottenFishCo,sell,1,1746653160.429539
1342,Reneium,sell,1,1746653160.43067
1343,Reneium,sell,1,1746653160.431333
1344,PiloteCo,sell,1,1746653160.434192
1345,Reneium,sell,1,1746653160.435851
1346,Reneium,sell,1,1746653160.436554
1347,RottenFishCo,sell,1,1746653160.4374459
1348,Reneium,sell,1,1746653160.437768
1349,PiloteCo,sell,1,1746653160.441186
1350,Reneium,sell,1,1746653160.441998
1351,Reneium,sell,1,1746653160.4426181
1352,RottenFishCo,sell,1,1746653160.443685
1353,GameStart,sell,1,1746653160.444623
1354,PiloteCo,sell,1,1746653160.447495
1355,Reneium,sell,1,1746653160.448212
1356,Reneium,sell,1,1746653160.4487228
1357,RottenFishCo,sell,1,1746653160.450389
1358,GameStart,sell,1,1746653160.4519649
1359,PiloteCo,sell,1,1746653160.454845
1360,Reneium,sell,1,1746653160.46209
1361,Reneium,sell,1,1746653160.462877
1362,RottenFishCo,sell,1,1746653160.463327
1363,DogmatixCo,sell,1,1746653160.466597
1364,Reneium,sell,1,1746653160.470399
1365,Reneium,sell,1,1746653160.470836
1366,RottenFishCo,sell,1,1746653160.471154
1367,DogmatixCo,sell,1,1746653160.4766972
1368,Reneium,sell,1,1746653160.497256
1369,RottenFishCo,sell,1,1746653160.501579
1370,Reneium,sell,1,1746653160.5025651
1371,DogmatixCo,sell,1,1746653160.503961
1372,Goscinnyium,sell,1,1746653160.51107
1373,RottenFishCo,sell,1,1746653160.512274
1374,Reneium,sell,1,1746653160.514463
1375,DogmatixCo,sell,1,1746653160.5149
1376,Goscinnyium,sell,1,1746653160.521355
1377,RottenFishCo,sell,1,1746653160.52202
1378,Goscinnyium,sell,1,1746653160.5251598
1379,Reneium,sell,1,1746653160.526599
1380,Goscinnyium,sell,1,1746653160.5341902
1381,RottenFishCo,sell,1,1746653160.5367029
1382,Reneium,sell,1,1746653160.5371258
1383,Goscinnyium,sell,1,1746653160.547942
1384,RottenFishCo,sell,1,1746653160.548341
1385,Goscinnyium,sell,1,1746653160.564228
1386,RottenFishCo,sell,1,1746653160.5686998
1387,CaesarTech,sell,1,1746653160.5762088
1388,RottenFishCo,sell,1,1746653160.5776482
1389,RottenFishCo,sell,1,1746653160.585696
1390,CaesarTech,sell,1,1746653160.586292
1391,CaesarTech,sell,1,1746653160.599415
1392,RottenFishCo,sell,1,1746653160.601604
1393,CaesarTech,sell,1,1746653160.6127832
1394,PiloteCo,sell,1,1746653160.614105
1395,PiloteCo,sell,1,1746653160.623756
1396,CaesarTech,sell,1,1746653160.624176
1397,PiloteCo,sell,1,1746653160.6317818
1398,CaesarTech,sell,1,1746653160.632062
1399,PiloteCo,sell,1,1746653160.6382148
1400,CaesarTech,sell,1,1746653160.638795
1401,PiloteCo,sell,1,1746653160.644979
1402,CaesarTech,sell,1,1746653160.645362
1403,Reneium,sell,1,1746653160.650655
1404,CaesarTech,sell,1,1746653160.65079
1405,CaesarTech,sell,1,1746653160.655711
1406,GameStart,sell,1,1746653165.938926
1407,GameStart,sell,1,1746653165.940303
1408,BoarCo,sell,1,1746653165.940609
1409,PiloteCo,sell,1,1746653165.941003
1410,PiloteCo,sell,1,1746653165.94611
1411,BoarCo,sell,1,1746653165.947073
1412,BoarCo,sell,1,1746653165.9474628
1413,MenhirCo,sell,1,1746653165.948452
1414,GameStart,sell,1,1746653165.949388
1415,CaesarTech,sell,1,1746653165.9584541
1416,DogmatixCo,sell,1,1746653165.959427
1417,RottenFishCo,sell,1,1746653165.960703
1418,Goscinnyium,sell,1,1746653165.961835
1419,MenhirCo,sell,1,1746653165.9629629
1420,MenhirCo,sell,1,1746653165.9657228
1421,RottenFishCo,sell,1,1746653165.9671738
1422,DogmatixCo,sell,1,1746653165.969596
1423,Goscinnyium,sell,1,1746653165.970874
1424,GameStart,sell,1,1746653165.971997
1425,PiloteCo,sell,1,1746653165.9758148
1426,GameStart,sell,1,1746653165.976485
1427,Reneium,sell,1,1746653165.979122
1428,LutetiaTech,sell,1,1746653165.979559
1429,Reneium,sell,1,1746653165.982353
1430,Reneium,sell,1,1746653165.996563
1431,MenhirCo,sell,1,1746653166.1737862
1432,PiloteCo,sell,1,1746653166.174436
1433,RottenFishCo,sell,1,1746653166.175095
1434,Goscinnyium,sell,1,1746653166.180096
1435,MenhirCo,sell,1,1746653166.180919
1436,CaesarTech,sell,1,1746653166.181747
1437,RottenFishCo,sell,1,1746653166.182724
1438,Goscinnyium,sell,1,1746653166.186671
1439,LutetiaTech,sell,1,1746653166.18782
1440,RottenFishCo,sell,1,1746653166.188274
1441,GameStart,sell,1,1746653166.188777
1442,MenhirCo,sell,1,1746653166.1893508
1443,Goscinnyium,sell,1,1746653166.193386
1444,MenhirCo,sell,1,1746653166.1935759
1445,MenhirCo,sell,1,1746653166.1950731
1447,CaesarTech,sell,1,1746653166.196095
1448,GameStart,sell,1,1746653166.2013812
1449,Reneium,sell,1,1746653166.201958
1450,CaesarTech,sell,1,1746653166.202421
1451,DogmatixCo,sell,1,1746653166.203158
1452,MenhirCo,sell,1,1746653166.204127
1453,GameStart,sell,1,1746653166.208788
1454,LutetiaTech,sell,1,1746653166.209545
1455,LutetiaTech,sell,1,1746653166.2100182
1456,BoarCo,sell,1,1746653166.21085
1457,MenhirCo,sell,1,1746653166.2115111
1458,CaesarTech,sell,1,1746653166.227108
1459,PiloteCo,sell,1,1746653166.227679
1460,RottenFishCo,sell,1,1746653166.228478
1461,MenhirCo,sell,1,1746653166.2352011
1462,GameStart,sell,1,1746653166.2644281
1463,RottenFishCo,sell,1,1746653166.266122
1464,Goscinnyium,sell,1,1746653166.275581
1465,Goscinnyium,sell,1,1746653166.322952
1466,Goscinnyium,sell,1,1746653166.334242
1467,Goscinnyium,sell,1,1746653166.3483598
1468,MenhirCo,sell,1,1746653166.52026
1469,DogmatixCo,sell,1,1746653166.521
1470,DogmatixCo,sell,1,1746653166.521604
1471,LutetiaTech,sell,1,1746653166.524888
1472,MenhirCo,sell,1,1746653166.526052
1473,PiloteCo,sell,1,1746653166.526654
1474,CaesarTech,sell,1,1746653166.5279539
1475,CaesarTech,sell,1,1746653166.528658
1476,MenhirCo,sell,1,1746653166.533016
1477,LutetiaTech,sell,1,1746653166.533694
1478,PiloteCo,sell,1,1746653166.534375
1479,Goscinnyium,sell,1,1746653166.5351932
1480,BoarCo,sell,1,1746653166.5360808
1481,RottenFishCo,sell,1,1746653166.5390038
1482,RottenFishCo,sell,1,1746653166.540555
1483,CaesarTech,sell,1,1746653166.5408902
1484,RottenFishCo,sell,1,1746653166.541416
1485,CaesarTech,sell,1,1746653166.5426502
1486,MenhirCo,sell,1,1746653166.547489
1487,BoarCo,sell,1,1746653166.5497222
1489,CaesarTech,sell,1,1746653166.551983
1490,Reneium,sell,1,1746653166.5538812
1491,Reneium,sell,1,1746653166.568734
1492,LutetiaTech,sell,1,1746653166.568943
1493,DogmatixCo,sell,1,1746653166.582328
1494,BoarCo,sell,1,1746653166.583243
1495,RottenFishCo,sell,1,1746653166.583953
1496,LutetiaTech,sell,1,1746653166.591887
1497,GameStart,sell,1,1746653166.599466
1499,GameStart,sell,1,1746653166.612282
1500,GameStart,sell,1,1746653166.622355
1501,RottenFishCo,sell,1,1746653166.624469
1502,DogmatixCo,sell,1,1746653166.810461
1503,LutetiaTech,sell,1,1746653166.812615
1504,MenhirCo,sell,1,1746653166.817923
1505,RottenFishCo,sell,1,1746653166.818796
1506,DogmatixCo,sell,1,1746653166.822913
1507,MenhirCo,sell,1,1746653166.823197
1508,LutetiaTech,sell,1,1746653166.824715
1509,BoarCo,sell,1,1746653166.826772
1510,RottenFishCo,sell,1,1746653166.828925
1511,DogmatixCo,sell,1,1746653166.8297532
1512,CaesarTech,sell,1,1746653166.830493
1513,LutetiaTech,sell,1,1746653166.831424
1514,Reneium,sell,1,1746653166.832982
1515,LutetiaTech,sell,1,1746653166.835381
1516,DogmatixCo,sell,1,1746653166.836066
1517,CaesarTech,sell,1,1746653166.836715
1518,LutetiaTech,sell,1,1746653166.837769
1519,GameStart,sell,1,1746653166.839233
1520,DogmatixCo,sell,1,1746653166.8423412
1521,LutetiaTech,sell,1,1746653166.8426409
1522,MenhirCo,sell,1,1746653166.8433542
1523,LutetiaTech,sell,1,1746653166.8438022
1524,LutetiaTech,sell,1,1746653166.8444521
1525,DogmatixCo,sell,1,1746653166.849639
1526,LutetiaTech,sell,1,1746653166.850511
1527,MenhirCo,sell,1,1746653166.85118
1528,RottenFishCo,sell,1,1746653166.852303
1529,LutetiaTech,sell,1,1746653166.8526819
1530,Reneium,sell,1,1746653166.858301
1531,LutetiaTech,sell,1,1746653166.85995
1532,MenhirCo,sell,1,1746653166.864321
1533,BoarCo,sell,1,1746653166.8654451
1534,BoarCo,sell,1,1746653166.86605
1535,Reneium,sell,1,1746653166.871339
1536,MenhirCo,sell,1,1746653166.874291
1537,BoarCo,sell,1,1746653166.8745768
1538,LutetiaTech,sell,1,1746653166.875197
1539,CaesarTech,sell,1,1746653166.879071
1540,MenhirCo,sell,1,1746653166.8830452
1541,LutetiaTech,sell,1,1746653166.8843808
1542,BoarCo,sell,1,1746653166.888441
1543,MenhirCo,sell,1,1746653166.8929229
1544,BoarCo,sell,1,1746653166.894009
1545,CaesarTech,sell,1,1746653166.8945348
1546,MenhirCo,sell,1,1746653166.89796
1547,BoarCo,sell,1,1746653166.9020412
1548,CaesarTech,sell,1,1746653166.904125
1549,DogmatixCo,sell,1,1746653166.90479
1550,BoarCo,sell,1,1746653166.909247
1551,CaesarTech,sell,1,1746653166.911307
1552,MenhirCo,sell,1,1746653167.0731142
1553,LutetiaTech,sell,1,1746653167.075903
1554,MenhirCo,sell,1,1746653167.0915751
1555,MenhirCo,sell,1,1746653167.093191
1556,LutetiaTech,sell,1,1746653167.095189
1557,PiloteCo,sell,1,1746653167.097462
1558,MenhirCo,sell,1,1746653167.098509
1559,Reneium,sell,1,1746653167.0990772
1560,DogmatixCo,sell,1,1746653167.099962
1561,LutetiaTech,sell,1,1746653167.1020238
1562,GameStart,sell,1,1746653167.104337
1563,Reneium,sell,1,1746653167.1056252
1564,RottenFishCo,sell,1,1746653167.106174
1565,MenhirCo,sell,1,1746653167.106684
1566,LutetiaTech,sell,1,1746653167.108885
1567,GameStart,sell,1,1746653167.111379
1568,Reneium,sell,1,1746653167.1120079
1569,RottenFishCo,sell,1,1746653167.1128461
1570,MenhirCo,sell,1,1746653167.113406
1571,GameStart,sell,1,1746653167.1140969
1572,GameStart,sell,1,1746653167.117999
1573,Reneium,sell,1,1746653167.118895
1574,RottenFishCo,sell,1,1746653167.119593
1575,MenhirCo,sell,1,1746653167.1212
1576,MenhirCo,sell,1,1746653167.121999
1577,GameStart,sell,1,1746653167.125222
1578,Reneium,sell,1,1746653167.1269948
1579,RottenFishCo,sell,1,1746653167.12755
1580,MenhirCo,sell,1,1746653167.128148
1581,MenhirCo,sell,1,1746653167.1294441
1582,GameStart,sell,1,1746653167.155434
1583,Reneium,sell,1,1746653167.1583319
1584,MenhirCo,sell,1,1746653167.1632571
1585,Goscinnyium,sell,1,1746653167.1641989
1586,PiloteCo,sell,1,1746653167.170194
1587,GameStart,sell,1,1746653167.173414
1588,Reneium,sell,1,1746653167.1748722
1589,Goscinnyium,sell,1,1746653167.176512
1590,MenhirCo,sell,1,1746653167.1778119
1591,RottenFishCo,sell,1,1746653167.178725
1592,CaesarTech,sell,1,1746653167.181869
1593,BoarCo,sell,1,1746653167.1829581
1594,Goscinnyium,sell,1,1746653167.183839
1595,MenhirCo,sell,1,1746653167.1841621
1596,RottenFishCo,sell,1,1746653167.1876311
1597,BoarCo,sell,1,1746653167.190033
1598,BoarCo,sell,1,1746653167.190329
1599,MenhirCo,sell,1,1746653167.191179
1600,Goscinnyium,sell,1,1746653167.192179
1601,RottenFishCo,sell,1,1746653167.199548
1602,BoarCo,sell,1,1746653167.2035148
1603,BoarCo,sell,1,1746653167.20495
1604,DogmatixCo,sell,1,1746653167.206503
1605,MenhirCo,sell,1,1746653167.2076879
1606,RottenFishCo,sell,1,1746653167.213175
1607,BoarCo,sell,1,1746653167.21398
1608,BoarCo,sell,1,1746653167.214234
1609,MenhirCo,sell,1,1746653167.216492
1610,BoarCo,sell,1,1746653167.2234519
1612,BoarCo,sell,1,1746653167.225972
1613,MenhirCo,sell,1,1746653167.226194
1614,BoarCo,sell,1,1746653167.2304041
1615,BoarCo,sell,1,1746653167.233381
1616,RottenFishCo,sell,1,1746653167.233595
1617,MenhirCo,sell,1,1746653167.233932
1618,BoarCo,sell,1,1746653167.2377
1619,BoarCo,sell,1,1746653167.239022
1620,MenhirCo,sell,1,1746653167.241479
1621,Goscinnyium,sell,1,1746653167.241888
1622,BoarCo,sell,1,1746653167.263378
1623,BoarCo,sell,1,1746653167.275093
1624,MenhirCo,sell,1,1746653167.290623
1625,BoarCo,sell,1,1746653167.297237
1626,BoarCo,sell,1,1746653167.297496
1627,MenhirCo,sell,1,1746653167.3000681
1628,BoarCo,sell,1,1746653167.3115609
1629,BoarCo,sell,1,1746653167.312614
1630,MenhirCo,sell,1,1746653167.3222342
1631,MenhirCo,sell,1,1746653167.324455
1632,BoarCo,sell,1,1746653167.330848
1633,MenhirCo,sell,1,1746653167.336405
1634,PiloteCo,sell,1,1746653167.342983
1635,MenhirCo,sell,1,1746653167.3491929
1636,PiloteCo,sell,1,1746653167.3539908
1637,MenhirCo,sell,1,1746653167.360372
1638,PiloteCo,sell,1,1746653167.36352
1639,MenhirCo,sell,1,1746653167.368556
1640,PiloteCo,sell,1,1746653167.3720262
1641,LutetiaTech,sell,1,1746653167.382241
1642,PiloteCo,sell,1,1746653167.382777
1643,PiloteCo,sell,1,1746653167.3923001
1644,LutetiaTech,sell,1,1746653167.39375
1645,BoarCo,sell,1,1746653167.399711
1646,LutetiaTech,sell,1,1746653167.403428
1647,BoarCo,sell,1,1746653167.411148
1648,DogmatixCo,sell,1,1746653195.882009
1649,BoarCo,sell,1,1746653195.88511
1650,BoarCo,sell,1,1746653195.88865
1651,BoarCo,sell,1,1746653195.891881
1652,CaesarTech,sell,1,1746653195.900448
1653,CaesarTech,sell,1,1746653195.908119
1654,MenhirCo,sell,1,1746653195.9113228
1655,DogmatixCo,sell,1,1746653201.0661042
1656,Reneium,sell,1,1746653201.069709
1657,Reneium,sell,1,1746653201.0732381
1658,PiloteCo,sell,1,1746653201.077184
1659,PiloteCo,sell,1,1746653201.081884
1660,BoarCo,sell,1,1746653201.085495
1661,BoarCo,sell,1,1746653201.088984
1662,MenhirCo,sell,1,1746653201.092309
1663,MenhirCo,sell,1,1746653201.095556
1664,BoarCo,sell,1,1746653221.299781
1665,DogmatixCo,sell,1,1746653221.3139992
1666,DogmatixCo,sell,1,1746653221.3172622
1667,BoarCo,sell,1,1746653221.320232
1668,MenhirCo,sell,1,1746653221.323136
1669,MenhirCo,sell,1,1746653221.3260832
1670,GameStart,sell,1,1746653221.328914
1671,MenhirCo,sell,1,1746653231.5467699
1672,Goscinnyium,sell,1,1746653231.5498261
1673,CaesarTech,sell,1,1746653231.553673
1674,BoarCo,sell,1,1746653231.56242
1675,GameStart,sell,1,1746653231.5650601
1676,Goscinnyium,sell,1,1746653810.685465
1677,CaesarTech,sell,1,1746653810.687896
1680,BoarCo,sell,1,1746653810.688771
1681,RottenFishCo,sell,1,1746653810.6892118
1682,MenhirCo,sell,1,1746653810.689311
1683,DogmatixCo,sell,1,1746653810.689503
1684,Reneium,sell,1,1746653810.690024
1685,DogmatixCo,sell,1,1746653810.6903858
1686,LutetiaTech,sell,1,1746653810.69088
1687,LutetiaTech,sell,1,1746653810.6913831
1688,GameStart,sell,1,1746653810.691665
1689,RottenFishCo,sell,1,1746653810.692696
1690,Reneium,sell,1,1746653810.693398
1691,LutetiaTech,sell,1,1746653810.694897
1692,Reneium,sell,1,1746653810.696586
1693,PiloteCo,sell,1,1746653810.697334
1694,DogmatixCo,sell,1,1746653810.698626
1695,GameStart,sell,1,1746653810.699628
1696,Reneium,sell,1,1746653810.7005749
1697,Reneium,sell,1,1746653810.701609
1698,GameStart,sell,1,1746653810.7019699
1699,GameStart,sell,1,1746653810.7082748
1700,BoarCo,sell,1,1746653810.708564
1701,PiloteCo,sell,1,1746653810.878786
1702,Reneium,sell,1,1746653810.8789551
1703,MenhirCo,sell,1,1746653810.87956
1704,RottenFishCo,sell,1,1746653810.879976
1705,BoarCo,sell,1,1746653810.880706
1706,PiloteCo,sell,1,1746653810.885706
1708,PiloteCo,sell,1,1746653810.886512
1709,CaesarTech,sell,1,1746653810.887263
1710,PiloteCo,sell,1,1746653810.8879108
1711,BoarCo,sell,1,1746653810.8953521
1712,PiloteCo,sell,1,1746653810.8956952
1713,CaesarTech,sell,1,1746653810.897973
1714,Goscinnyium,sell,1,1746653810.89885
1715,PiloteCo,sell,1,1746653810.8994298
1716,CaesarTech,sell,1,1746653810.913236
1717,CaesarTech,sell,1,1746653810.9164119
1718,Reneium,sell,1,1746653810.9199271
1719,Goscinnyium,sell,1,1746653810.9209259
1720,Goscinnyium,sell,1,1746653810.925045
1721,CaesarTech,sell,1,1746653810.9328609
1722,BoarCo,sell,1,1746653810.933408
1723,Goscinnyium,sell,1,1746653810.934857
1724,PiloteCo,sell,1,1746653810.9353468
1725,Goscinnyium,sell,1,1746653810.944192
1726,Reneium,sell,1,1746653810.988641
1727,PiloteCo,sell,1,1746653810.998275
1728,GameStart,sell,1,1746653811.000106
1729,BoarCo,sell,1,1746653811.0008802
1730,CaesarTech,sell,1,1746653811.001342
1731,RottenFishCo,sell,1,1746653811.039685
1732,RottenFishCo,sell,1,1746653811.0702322
1733,RottenFishCo,sell,1,1746653811.0898051
1734,DogmatixCo,sell,1,1746653811.2472398
1735,RottenFishCo,sell,1,1746653811.24796
1736,LutetiaTech,sell,1,1746653811.248132
1737,DogmatixCo,sell,1,1746653811.249378
1738,RottenFishCo,sell,1,1746653811.253695
1739,RottenFishCo,sell,1,1746653811.2543921
1740,LutetiaTech,sell,1,1746653811.25521
1741,BoarCo,sell,1,1746653811.2561631
1742,GameStart,sell,1,1746653811.259111
1743,PiloteCo,sell,1,1746653811.259923
1744,PiloteCo,sell,1,1746653811.260639
1745,Reneium,sell,1,1746653811.262906
1746,MenhirCo,sell,1,1746653811.263294
1747,CaesarTech,sell,1,1746653811.265419
1748,PiloteCo,sell,1,1746653811.267377
1749,GameStart,sell,1,1746653811.2682061
1750,Reneium,sell,1,1746653811.269484
1751,Reneium,sell,1,1746653811.270051
1752,DogmatixCo,sell,1,1746653811.2731462
1753,LutetiaTech,sell,1,1746653811.2737868
1754,RottenFishCo,sell,1,1746653811.2739022
1755,Reneium,sell,1,1746653811.275991
1756,GameStart,sell,1,1746653811.276522
1757,GameStart,sell,1,1746653811.279485
1758,DogmatixCo,sell,1,1746653811.280025
1759,MenhirCo,sell,1,1746653811.281152
1760,DogmatixCo,sell,1,1746653811.281894
1761,GameStart,sell,1,1746653811.284338
1762,BoarCo,sell,1,1746653811.2871559
1763,DogmatixCo,sell,1,1746653811.287817
1765,MenhirCo,sell,1,1746653811.289749
1766,BoarCo,sell,1,1746653811.296881
1767,DogmatixCo,sell,1,1746653811.29891
1768,BoarCo,sell,1,1746653811.299047
1769,Reneium,sell,1,1746653811.3204658
1770,BoarCo,sell,1,1746653811.322596
1771,Reneium,sell,1,1746653811.3361018
1772,BoarCo,sell,1,1746653811.3385332
1773,Reneium,sell,1,1746653811.3473878
1774,BoarCo,sell,1,1746653811.351462
1775,BoarCo,sell,1,1746653811.36257
1776,Reneium,sell,1,1746653811.3681421
1777,Reneium,sell,1,1746653811.3723571
1778,Reneium,sell,1,1746653811.3757372
1779,BoarCo,sell,1,1746653811.5181959
1780,CaesarTech,sell,1,1746653811.5199208
1781,MenhirCo,sell,1,1746653811.524461
1782,Goscinnyium,sell,1,1746653811.5248609
1783,CaesarTech,sell,1,1746653811.527694
1784,DogmatixCo,sell,1,1746653811.532039
1785,MenhirCo,sell,1,1746653811.533
1786,Goscinnyium,sell,1,1746653811.533531
1787,LutetiaTech,sell,1,1746653811.5338812
1788,Goscinnyium,sell,1,1746653811.535093
1789,DogmatixCo,sell,1,1746653811.540303
1790,Goscinnyium,sell,1,1746653811.540653
1791,Goscinnyium,sell,1,1746653811.540926
1792,Goscinnyium,sell,1,1746653811.541285
1793,LutetiaTech,sell,1,1746653811.54174
1794,DogmatixCo,sell,1,1746653811.5469382
1795,Goscinnyium,sell,1,1746653811.5478988
1796,Goscinnyium,sell,1,1746653811.548358
1797,PiloteCo,sell,1,1746653811.548817
1798,MenhirCo,sell,1,1746653811.5503628
1799,DogmatixCo,sell,1,1746653811.553615
1800,Goscinnyium,sell,1,1746653811.557235
1801,GameStart,sell,1,1746653811.558651
1802,Goscinnyium,sell,1,1746653811.559124
1803,MenhirCo,sell,1,1746653811.5600839
1804,BoarCo,sell,1,1746653811.563297
1805,Goscinnyium,sell,1,1746653811.563961
1806,BoarCo,sell,1,1746653811.565938
1807,GameStart,sell,1,1746653811.566676
1808,MenhirCo,sell,1,1746653811.569101
1809,BoarCo,sell,1,1746653811.5830002
1810,Goscinnyium,sell,1,1746653811.59087
1811,BoarCo,sell,1,1746653811.591968
1812,Reneium,sell,1,1746653811.5938199
1813,Goscinnyium,sell,1,1746653811.598024
1817,Goscinnyium,sell,1,1746653811.610016
1818,Goscinnyium,sell,1,1746653811.6217458
1819,Goscinnyium,sell,1,1746653811.628906
1820,CaesarTech,sell,1,1746653811.6313531
1821,BoarCo,sell,1,1746653811.635359
1822,Goscinnyium,sell,1,1746653811.650578
1823,CaesarTech,sell,1,1746653811.656964
1824,CaesarTech,sell,1,1746653811.65798
1825,Goscinnyium,sell,1,1746653811.6614761
1826,CaesarTech,sell,1,1746653811.663566
1827,LutetiaTech,sell,1,1746653811.6642292
1828,DogmatixCo,sell,1,1746653811.6674209
1829,CaesarTech,sell,1,1746653811.671235
1830,LutetiaTech,sell,1,1746653811.672538
1831,DogmatixCo,sell,1,1746653811.728083
1832,BoarCo,sell,1,1746653811.748905
1833,LutetiaTech,sell,1,1746653811.770895
1834,DogmatixCo,sell,1,1746653811.935578
1835,LutetiaTech,sell,1,1746653812.007353
1836,BoarCo,sell,1,1746653812.008874
1837,DogmatixCo,sell,1,1746653812.016751
1838,LutetiaTech,sell,1,1746653812.0202198
1839,LutetiaTech,sell,1,1746653812.0276108
1840,BoarCo,sell,1,1746653812.027903
1841,GameStart,sell,1,1746653812.0290391
1842,GameStart,sell,1,1746653812.033649
1843,LutetiaTech,sell,1,1746653812.0343602
1844,BoarCo,sell,1,1746653812.0348449
1845,GameStart,sell,1,1746653812.039236
1846,BoarCo,sell,1,1746653812.039642
1847,LutetiaTech,sell,1,1746653812.039833
1848,BoarCo,sell,1,1746653812.043745
1849,MenhirCo,sell,1,1746653812.044075
1850,LutetiaTech,sell,1,1746653812.044472
1851,BoarCo,sell,1,1746653812.047812
1852,MenhirCo,sell,1,1746653812.048247
1853,LutetiaTech,sell,1,1746653812.048536
1854,BoarCo,sell,1,1746653812.05291
1855,LutetiaTech,sell,1,1746653812.053322
1856,BoarCo,sell,1,1746653812.0573509
1857,PiloteCo,sell,1,1746653812.060624
1858,PiloteCo,sell,1,1746653812.071191
1859,BoarCo,sell,1,1746653812.2846348
1860,CaesarTech,sell,1,1746653812.285311
1861,Goscinnyium,sell,1,1746653812.285612
1862,Reneium,sell,1,1746653812.2872891
1863,DogmatixCo,sell,1,1746653812.289919
1864,CaesarTech,sell,1,1746653812.292085
1865,BoarCo,sell,1,1746653812.292397
1866,Goscinnyium,sell,1,1746653812.292782
1867,Reneium,sell,1,1746653812.2934048
1868,DogmatixCo,sell,1,1746653812.296478
1869,MenhirCo,sell,1,1746653812.2985442
1870,BoarCo,sell,1,1746653812.29894
1871,CaesarTech,sell,1,1746653812.299304
1872,Reneium,sell,1,1746653812.300073
1873,DogmatixCo,sell,1,1746653812.303082
1874,MenhirCo,sell,1,1746653812.304608
1875,MenhirCo,sell,1,1746653812.305336
1876,Reneium,sell,1,1746653812.3065028
1877,BoarCo,sell,1,1746653812.306769
1878,Goscinnyium,sell,1,1746653812.309543
1879,MenhirCo,sell,1,1746653812.3112
1880,MenhirCo,sell,1,1746653812.3115468
1881,BoarCo,sell,1,1746653812.313163
1882,Reneium,sell,1,1746653812.314272
1883,Goscinnyium,sell,1,1746653812.317087
1884,DogmatixCo,sell,1,1746653812.3186
1885,MenhirCo,sell,1,1746653812.3193758
1886,BoarCo,sell,1,1746653812.320271
1887,Reneium,sell,1,1746653812.322348
1888,BoarCo,sell,1,1746653812.323858
1889,DogmatixCo,sell,1,1746653812.3276749
1890,RottenFishCo,sell,1,1746653812.328681
1891,BoarCo,sell,1,1746653812.3293161
1892,RottenFishCo,sell,1,1746653812.330112
1893,Reneium,sell,1,1746653812.3306172
1894,DogmatixCo,sell,1,1746653812.334453
1895,RottenFishCo,sell,1,1746653812.33538
1896,RottenFishCo,sell,1,1746653812.335777
1897,BoarCo,sell,1,1746653812.336847
1898,Reneium,sell,1,1746653812.337953
1899,DogmatixCo,sell,1,1746653812.340662
1900,RottenFishCo,sell,1,1746653812.342989
1901,RottenFishCo,sell,1,1746653812.343441
1902,BoarCo,sell,1,1746653812.3444932
1903,Reneium,sell,1,1746653812.345259
1904,DogmatixCo,sell,1,1746653812.348505
1905,Reneium,sell,1,1746653812.352184
1906,Reneium,sell,1,1746653812.3529952
1907,BoarCo,sell,1,1746653812.353288
1908,RottenFishCo,sell,1,1746653812.3536289
1909,Goscinnyium,sell,1,1746653812.35493
1910,Reneium,sell,1,1746653812.358387
1911,Reneium,sell,1,1746653812.359639
1912,GameStart,sell,1,1746653812.3602161
1913,RottenFishCo,sell,1,1746653812.360779
1914,Goscinnyium,sell,1,1746653812.361519
1915,Reneium,sell,1,1746653812.3655849
1916,Reneium,sell,1,1746653812.366136
1917,Reneium,sell,1,1746653812.367043
1918,RottenFishCo,sell,1,1746653812.367451
1919,Goscinnyium,sell,1,1746653812.36796
1920,Reneium,sell,1,1746653812.3725991
1921,Reneium,sell,1,1746653812.3729448
1922,RottenFishCo,sell,1,1746653812.373856
1923,Reneium,sell,1,1746653812.374437
1924,Goscinnyium,sell,1,1746653812.374772
1925,Reneium,sell,1,1746653812.379698
1926,Reneium,sell,1,1746653812.380343
1927,RottenFishCo,sell,1,1746653812.380894
1928,Reneium,sell,1,1746653812.3814762
1929,Goscinnyium,sell,1,1746653812.3822248
1930,Reneium,sell,1,1746653812.3867798
1931,DogmatixCo,sell,1,1746653812.3872662
1932,RottenFishCo,sell,1,1746653812.3879051
1933,Reneium,sell,1,1746653812.388366
1934,Goscinnyium,sell,1,1746653812.389044
1935,Reneium,sell,1,1746653812.394505
1936,DogmatixCo,sell,1,1746653812.395496
1937,PiloteCo,sell,1,1746653812.3966951
1938,PiloteCo,sell,1,1746653812.396866
1939,Reneium,sell,1,1746653812.404087
1942,PiloteCo,sell,1,1746653812.404497
1943,DogmatixCo,sell,1,1746653812.423297
1944,PiloteCo,sell,1,1746653812.423685
1945,Reneium,sell,1,1746653812.4238532
1946,MenhirCo,sell,1,1746653812.424296
1947,DogmatixCo,sell,1,1746653812.431086
1948,MenhirCo,sell,1,1746653812.431356
1949,Reneium,sell,1,1746653812.431731
1950,PiloteCo,sell,1,1746653812.431982
1951,DogmatixCo,sell,1,1746653812.4390998
1952,MenhirCo,sell,1,1746653812.439254
1953,Reneium,sell,1,1746653812.439532
1954,PiloteCo,sell,1,1746653812.439952
1955,MenhirCo,sell,1,1746653812.445268
1956,DogmatixCo,sell,1,1746653812.447847
1957,PiloteCo,sell,1,1746653812.44799
1958,Reneium,sell,1,1746653812.4482071
1959,MenhirCo,sell,1,1746653812.4518578
1960,Reneium,sell,1,1746653812.456085
1962,PiloteCo,sell,1,1746653812.456948
1963,DogmatixCo,sell,1,1746653812.457348
1964,DogmatixCo,sell,1,1746653812.4628081
1965,Reneium,sell,1,1746653812.463594
1967,PiloteCo,sell,1,1746653812.4637911
1968,DogmatixCo,sell,1,1746653812.470266
1969,Reneium,sell,1,1746653812.472151
1970,BoarCo,sell,1,1746653812.472518
1971,DogmatixCo,sell,1,1746653812.478152
1972,BoarCo,sell,1,1746653812.4796832
1973,Reneium,sell,1,1746653812.480004
1974,BoarCo,sell,1,1746653812.4871879
1975,DogmatixCo,sell,1,1746653812.487566
1976,Reneium,sell,1,1746653812.487765
1978,BoarCo,sell,1,1746653812.493988
1979,DogmatixCo,sell,1,1746653812.494497
1980,Reneium,sell,1,1746653812.501933
1981,DogmatixCo,sell,1,1746653812.502805
1982,DogmatixCo,sell,1,1746653812.513581
1983,Reneium,sell,1,1746653812.515212
1984,DogmatixCo,sell,1,1746653812.5262341
1985,DogmatixCo,sell,1,1746653812.538547
1986,DogmatixCo,sell,1,1746653817.840271
1987,PiloteCo,sell,1,1746653817.840799
1988,CaesarTech,sell,1,1746653817.8413062
1989,Goscinnyium,sell,1,1746653817.8417401
1990,DogmatixCo,sell,1,1746653817.8463092
1991,MenhirCo,sell,1,1746653817.8467011
1992,GameStart,sell,1,1746653817.8470788
1993,PiloteCo,sell,1,1746653817.847713
1994,BoarCo,sell,1,1746653817.851854
1995,DogmatixCo,sell,1,1746653817.85279
1996,LutetiaTech,sell,1,1746653817.853565
1997,Reneium,sell,1,1746653817.855069
1998,PiloteCo,sell,1,1746653817.855386
1999,GameStart,sell,1,1746653817.8616068
2000,PiloteCo,sell,1,1746653817.864094
2001,BoarCo,sell,1,1746653817.8650508
2002,MenhirCo,sell,1,1746653817.868373
2003,LutetiaTech,sell,1,1746653817.8689668
2004,CaesarTech,sell,1,1746653817.870225
2005,CaesarTech,sell,1,1746653817.87103
2006,GameStart,sell,1,1746653817.872146
2007,Goscinnyium,sell,1,1746653817.878043
2009,RottenFishCo,sell,1,1746653817.882505
2010,Reneium,sell,1,1746653817.893035
2011,DogmatixCo,sell,1,1746653818.028685
2012,PiloteCo,sell,1,1746653818.029456
2013,DogmatixCo,sell,1,1746653818.031028
2014,MenhirCo,sell,1,1746653818.048766
2015,RottenFishCo,sell,1,1746653818.050874
2016,MenhirCo,sell,1,1746653818.0512052
2017,LutetiaTech,sell,1,1746653818.0519822
2018,Goscinnyium,sell,1,1746653818.054867
2019,CaesarTech,sell,1,1746653818.055924
2020,CaesarTech,sell,1,1746653818.05657
2021,MenhirCo,sell,1,1746653818.0579042
2022,LutetiaTech,sell,1,1746653818.0585809
2023,GameStart,sell,1,1746653818.061476
2024,CaesarTech,sell,1,1746653818.0624378
2025,PiloteCo,sell,1,1746653818.063586
2026,LutetiaTech,sell,1,1746653818.063982
2027,LutetiaTech,sell,1,1746653818.0644
2028,RottenFishCo,sell,1,1746653818.068067
2029,BoarCo,sell,1,1746653818.068496
2030,MenhirCo,sell,1,1746653818.070177
2031,LutetiaTech,sell,1,1746653818.070366
2032,BoarCo,sell,1,1746653818.071193
2033,RottenFishCo,sell,1,1746653818.0746539
2034,BoarCo,sell,1,1746653818.0753121
2035,RottenFishCo,sell,1,1746653818.075967
2036,LutetiaTech,sell,1,1746653818.0764391
2037,Reneium,sell,1,1746653818.077098
2038,BoarCo,sell,1,1746653818.0866911
2039,GameStart,sell,1,1746653818.0868201
2040,RottenFishCo,sell,1,1746653818.125025
2041,Reneium,sell,1,1746653818.31746
2042,CaesarTech,sell,1,1746653818.323185
2043,CaesarTech,sell,1,1746653818.324024
2044,RottenFishCo,sell,1,1746653818.324828
2045,MenhirCo,sell,1,1746653818.325155
2046,Goscinnyium,sell,1,1746653818.327212
2047,Reneium,sell,1,1746653818.338494
2048,CaesarTech,sell,1,1746653818.340725
2049,MenhirCo,sell,1,1746653818.34137
2050,RottenFishCo,sell,1,1746653818.34173
2051,Goscinnyium,sell,1,1746653818.3424919
2052,DogmatixCo,sell,1,1746653818.346302
2053,Goscinnyium,sell,1,1746653818.3471081
2054,DogmatixCo,sell,1,1746653818.347977
2055,MenhirCo,sell,1,1746653818.348594
2056,BoarCo,sell,1,1746653818.349014
2057,DogmatixCo,sell,1,1746653818.352086
2058,PiloteCo,sell,1,1746653818.353698
2059,Goscinnyium,sell,1,1746653818.354053
2060,DogmatixCo,sell,1,1746653818.3546612
2061,BoarCo,sell,1,1746653818.355276
2062,DogmatixCo,sell,1,1746653818.3583329
2063,CaesarTech,sell,1,1746653818.3602402
2064,CaesarTech,sell,1,1746653818.36145
2065,RottenFishCo,sell,1,1746653818.361969
2066,MenhirCo,sell,1,1746653818.362646
2067,DogmatixCo,sell,1,1746653818.3658319
2068,MenhirCo,sell,1,1746653818.368313
2069,CaesarTech,sell,1,1746653818.3708942
2070,Reneium,sell,1,1746653818.370974
2071,DogmatixCo,sell,1,1746653818.371402
2072,MenhirCo,sell,1,1746653818.3766952
2073,LutetiaTech,sell,1,1746653818.378229
2074,LutetiaTech,sell,1,1746653818.378423
2075,LutetiaTech,sell,1,1746653818.3787332
2077,LutetiaTech,sell,1,1746653818.4107862
2078,LutetiaTech,sell,1,1746653818.438994
2079,LutetiaTech,sell,1,1746653818.440386
2080,LutetiaTech,sell,1,1746653818.476249
2081,LutetiaTech,sell,1,1746653818.676525
2082,DogmatixCo,sell,1,1746653818.676971
2083,DogmatixCo,sell,1,1746653818.677341
2084,Goscinnyium,sell,1,1746653818.678169
2085,LutetiaTech,sell,1,1746653818.683651
2086,DogmatixCo,sell,1,1746653818.684095
2087,DogmatixCo,sell,1,1746653818.684653
2088,DogmatixCo,sell,1,1746653818.685378
2089,Goscinnyium,sell,1,1746653818.685846
2090,LutetiaTech,sell,1,1746653818.689604
2091,DogmatixCo,sell,1,1746653818.690013
2092,DogmatixCo,sell,1,1746653818.6905978
2093,DogmatixCo,sell,1,1746653818.691294
2094,Goscinnyium,sell,1,1746653818.6920278
2095,LutetiaTech,sell,1,1746653818.6960058
2096,DogmatixCo,sell,1,1746653818.696438
2097,DogmatixCo,sell,1,1746653818.6976268
2098,PiloteCo,sell,1,1746653818.698385
2099,CaesarTech,sell,1,1746653818.6990972
2100,LutetiaTech,sell,1,1746653818.724695
2101,LutetiaTech,sell,1,1746653818.728981
2102,DogmatixCo,sell,1,1746653818.753004
2103,PiloteCo,sell,1,1746653818.753456
2104,CaesarTech,sell,1,1746653818.755692
2105,LutetiaTech,sell,1,1746653818.772675
2106,LutetiaTech,sell,1,1746653818.773726
2107,DogmatixCo,sell,1,1746653818.773953
2108,LutetiaTech,sell,1,1746653818.774452
2109,CaesarTech,sell,1,1746653818.775577
2110,MenhirCo,sell,1,1746653818.779968
2111,LutetiaTech,sell,1,1746653818.780558
2112,Goscinnyium,sell,1,1746653818.781075
2113,CaesarTech,sell,1,1746653818.7813709
2114,Goscinnyium,sell,1,1746653818.782042
2115,MenhirCo,sell,1,1746653818.78575
2116,MenhirCo,sell,1,1746653818.787127
2117,MenhirCo,sell,1,1746653818.7875881
2118,BoarCo,sell,1,1746653818.7881432
2119,LutetiaTech,sell,1,1746653818.788343
2120,PiloteCo,sell,1,1746653818.79174
2121,MenhirCo,sell,1,1746653818.7931468
2122,LutetiaTech,sell,1,1746653818.7940109
2123,BoarCo,sell,1,1746653818.7955682
2124,BoarCo,sell,1,1746653818.796382
2125,PiloteCo,sell,1,1746653818.8000891
2126,PiloteCo,sell,1,1746653818.8020182
2127,PiloteCo,sell,1,1746653818.802757
2128,LutetiaTech,sell,1,1746653818.803234
2129,PiloteCo,sell,1,1746653818.810702
2130,LutetiaTech,sell,1,1746653818.810789
2131,PiloteCo,sell,1,1746653818.810859
2132,PiloteCo,sell,1,1746653818.810914
2133,PiloteCo,sell,1,1746653818.822638
2134,LutetiaTech,sell,1,1746653818.823731
2135,PiloteCo,sell,1,1746653818.824877
2136,CaesarTech,sell,1,1746653818.8253
2137,LutetiaTech,sell,1,1746653818.834391
2138,CaesarTech,sell,1,1746653818.83585
2139,PiloteCo,sell,1,1746653818.837646
2140,DogmatixCo,sell,1,1746653818.845829
2141,CaesarTech,sell,1,1746653818.84631
2142,Goscinnyium,sell,1,1746653818.846636
2143,DogmatixCo,sell,1,1746653818.8585758
2144,Reneium,sell,1,1746653819.066848
2145,DogmatixCo,sell,1,1746653819.06731
2146,GameStart,sell,1,1746653819.069376
2147,CaesarTech,sell,1,1746653819.0714052
2148,LutetiaTech,sell,1,1746653819.072054
2149,Reneium,sell,1,1746653819.0734038
2150,DogmatixCo,sell,1,1746653819.0740612
2151,GameStart,sell,1,1746653819.075941
2152,LutetiaTech,sell,1,1746653819.0786428
2153,BoarCo,sell,1,1746653819.079545
2154,Reneium,sell,1,1746653819.079732
2155,DogmatixCo,sell,1,1746653819.080508
2156,GameStart,sell,1,1746653819.0813608
2157,LutetiaTech,sell,1,1746653819.0846488
2158,Reneium,sell,1,1746653819.086566
2159,DogmatixCo,sell,1,1746653819.086763
2160,BoarCo,sell,1,1746653819.0880692
2161,GameStart,sell,1,1746653819.088855
2162,LutetiaTech,sell,1,1746653819.092615
2163,BoarCo,sell,1,1746653819.094004
2164,DogmatixCo,sell,1,1746653819.094105
2165,Reneium,sell,1,1746653819.0946681
2166,GameStart,sell,1,1746653819.095503
2167,LutetiaTech,sell,1,1746653819.099125
2168,Reneium,sell,1,1746653819.100016
2170,Reneium,sell,1,1746653819.101248
2171,BoarCo,sell,1,1746653819.1019268
2172,LutetiaTech,sell,1,1746653819.107276
2173,Reneium,sell,1,1746653819.110181
2174,MenhirCo,sell,1,1746653819.110962
2175,DogmatixCo,sell,1,1746653819.111475
2176,BoarCo,sell,1,1746653819.112191
2177,LutetiaTech,sell,1,1746653819.115801
2178,Reneium,sell,1,1746653819.117093
2179,MenhirCo,sell,1,1746653819.123401
2180,BoarCo,sell,1,1746653819.125949
2181,DogmatixCo,sell,1,1746653819.126956
2182,LutetiaTech,sell,1,1746653819.1303601
2183,Reneium,sell,1,1746653819.133193
2184,BoarCo,sell,1,1746653819.135499
2185,DogmatixCo,sell,1,1746653819.136147
2186,MenhirCo,sell,1,1746653819.1390212
2187,LutetiaTech,sell,1,1746653819.1451871
2188,GameStart,sell,1,1746653819.145826
2189,LutetiaTech,sell,1,1746653819.1470358
2190,DogmatixCo,sell,1,1746653819.149601
2191,MenhirCo,sell,1,1746653819.151362
2192,GameStart,sell,1,1746653819.155055
2193,LutetiaTech,sell,1,1746653819.156599
2194,LutetiaTech,sell,1,1746653819.157421
2195,DogmatixCo,sell,1,1746653819.1590762
2196,MenhirCo,sell,1,1746653819.160227
2197,GameStart,sell,1,1746653819.164639
2198,RottenFishCo,sell,1,1746653819.1749618
2199,LutetiaTech,sell,1,1746653819.1789382
2200,MenhirCo,sell,1,1746653819.185757
2201,DogmatixCo,sell,1,1746653819.1875598
2202,PiloteCo,sell,1,1746653819.190197
2203,RottenFishCo,sell,1,1746653819.1920798
2204,LutetiaTech,sell,1,1746653819.204809
2205,MenhirCo,sell,1,1746653819.206954
2206,DogmatixCo,sell,1,1746653819.2131772
2207,Reneium,sell,1,1746653819.222236
2208,PiloteCo,sell,1,1746653819.233414
2209,LutetiaTech,sell,1,1746653819.237377
2210,Goscinnyium,sell,1,1746653819.24122
2211,DogmatixCo,sell,1,1746653819.252645
2212,DogmatixCo,sell,1,1746653819.253938
2213,PiloteCo,sell,1,1746653819.255214
2214,LutetiaTech,sell,1,1746653819.257992
2215,Goscinnyium,sell,1,1746653819.258986
2216,CaesarTech,sell,1,1746653819.2611148
2217,DogmatixCo,sell,1,1746653819.262101
2218,PiloteCo,sell,1,1746653819.262476
2219,LutetiaTech,sell,1,1746653819.267375
2220,Goscinnyium,sell,1,1746653819.268322
2221,RottenFishCo,sell,1,1746653819.2685618
2222,DogmatixCo,sell,1,1746653819.269341
2223,PiloteCo,sell,1,1746653819.2717068
2224,LutetiaTech,sell,1,1746653819.2753332
2226,DogmatixCo,sell,1,1746653819.276132
2227,RottenFishCo,sell,1,1746653819.2767801
2229,DogmatixCo,sell,1,1746653819.282915
2230,Goscinnyium,sell,1,1746653819.2831511
2231,RottenFishCo,sell,1,1746653819.283783
2232,DogmatixCo,sell,1,1746653819.291475
2233,LutetiaTech,sell,1,1746653819.296948
2234,RottenFishCo,sell,1,1746653819.301394
2235,DogmatixCo,sell,1,1746653819.302229
2236,LutetiaTech,sell,1,1746653819.305424
2238,LutetiaTech,sell,1,1746653819.319516
2239,DogmatixCo,sell,1,1746653819.323663
2240,LutetiaTech,sell,1,1746653819.334228
2241,DogmatixCo,sell,1,1746653819.3360739
2242,RottenFishCo,sell,1,1746653819.3392372
2243,LutetiaTech,sell,1,1746653819.345074
2244,DogmatixCo,sell,1,1746653819.3658
2245,RottenFishCo,sell,1,1746653819.3677251
2246,LutetiaTech,sell,1,1746653819.3738172
2248,DogmatixCo,sell,1,1746653819.377752
2249,LutetiaTech,sell,1,1746653819.3826492
2250,DogmatixCo,sell,1,1746653819.388465
2251,RottenFishCo,sell,1,1746653819.388907
2252,LutetiaTech,sell,1,1746653819.389548
2253,RottenFishCo,sell,1,1746653819.396729
2254,DogmatixCo,sell,1,1746653819.397016
2255,RottenFishCo,sell,1,1746653819.4041731
2256,DogmatixCo,sell,1,1746653819.404371
2257,Reneium,sell,1,1746653819.4085171
2258,DogmatixCo,sell,1,1746653819.409122
2259,Reneium,sell,1,1746653819.414282
2260,DogmatixCo,sell,1,1746653819.416312
2261,DogmatixCo,sell,1,1746653819.419366
2262,DogmatixCo,sell,1,1746653819.4224179
2263,DogmatixCo,sell,1,1746653819.42403
2264,CaesarTech,sell,1,1746653819.428878
2265,DogmatixCo,sell,1,1746653819.429775
2266,CaesarTech,sell,1,1746653819.436361
2267,CaesarTech,sell,1,1746653819.45588
2268,CaesarTech,sell,1,1746653819.4705029
2269,CaesarTech,sell,1,1746653819.482332
2270,Reneium,sell,1,1746653848.007824
2271,LutetiaTech,sell,1,1746653848.011405
2272,LutetiaTech,sell,1,1746653848.015017
2273,LutetiaTech,sell,1,1746653848.018535
2274,LutetiaTech,sell,1,1746653848.022366
2275,LutetiaTech,sell,1,1746653848.0256371
2276,LutetiaTech,sell,1,1746653848.029162
2277,LutetiaTech,sell,1,1746653848.032362
2278,DogmatixCo,sell,1,1746653848.03547
2279,DogmatixCo,sell,1,1746653848.0409799
2280,DogmatixCo,sell,1,1746653848.045481
2281,DogmatixCo,sell,1,1746653848.050482
2282,RottenFishCo,sell,1,1746653848.053303
2283,PiloteCo,sell,1,1746653853.2431428
2284,PiloteCo,sell,1,1746653853.2470021
2285,CaesarTech,sell,1,1746653853.2537699
2286,CaesarTech,sell,1,1746653853.260808
2287,CaesarTech,sell,1,1746653853.27109
2288,CaesarTech,sell,1,1746653853.2774038
2289,CaesarTech,sell,1,1746653853.2817311
2290,CaesarTech,sell,1,1746653853.2861462
2291,CaesarTech,sell,1,1746653853.289827
2292,CaesarTech,sell,1,1746653853.294084
2293,CaesarTech,sell,1,1746653853.29736
2294,Goscinnyium,sell,1,1746653853.30067
2295,CaesarTech,sell,1,1746653853.303767
2296,BoarCo,sell,1,1746653873.6625018
2297,BoarCo,sell,1,1746653873.66557
2298,PiloteCo,sell,1,1746653873.6703339
2299,PiloteCo,sell,1,1746653873.6753259
2300,CaesarTech,sell,1,1746653873.6786938
2301,DogmatixCo,sell,1,1746653883.868423
2302,DogmatixCo,sell,1,1746653883.871423
2303,DogmatixCo,sell,1,1746653883.874702
2304,DogmatixCo,sell,1,1746653883.877573
2305,LutetiaTech,sell,1,1746653883.886949
2306,GameStart,sell,1,1746653883.894376
2307,CaesarTech,sell,1,1746653883.89765
2308,CaesarTech,sell,1,1746653883.9010189
